Port,Description
1,"[T:Y] [U:Ass] [S:Y] [D:TCP Port Service Multiplexer (TCPMUX). Historic. Both TCP and UDP have been assigned to TCPMUX by IANA, but by design only TCP is specified.]"
5,"[T:Ass] [U:Ass] [S:Y] [D:Remote Job Entry was historically using socket 5 in its old socket form, while MIB PIM has identified it as TCP/5 and IANA has assigned both TCP and UDP 5 to it.]"
7,[T:Y] [U:Yes] [S:Y] [D:Echo Protocol]
9,[T:Y] [U:Yes] [S:Y] [D:Discard Protocol]
9,[T:N] [U:Yes] [S:N] [D:Wake-on-LAN]
11,[T:Y] [U:Yes] [S:Y] [D:Active Users (systat service)]
13,[T:Y] [U:Yes] [S:Y] [D:Daytime Protocol]
15,[T:Y] [U:N] [S:N] [D:Previously netstat service]
17,[T:Y] [U:Yes] [S:Y] [D:Quote of the Day (QOTD)]
18,[T:Y] [U:Yes] [S:Y] [D:Message Send Protocol]
19,[T:Y] [U:Yes] [S:Y] [D:Character Generator Protocol (CHARGEN)]
20,[T:Y] [U:Ass] [S:Y] [D:File Transfer Protocol (FTP) data transfer]
21,[T:Y] [U:Ass] [S:Y] [D:File Transfer Protocol (FTP) control (command)]
22,"[T:Y] [U:Ass] [S:Y] [D:Secure Shell (SSH), secure logins, file transfers (scp, sftp) and port forwarding]"
23,[T:Y] [U:Ass] [S:Y] [D:Telnet protocol—unencrypted text communications]
25,"[T:Y] [U:Ass] [S:Y] [D:Simple Mail Transfer Protocol (SMTP), used for email routing between mail servers]"
37,[T:Y] [U:Yes] [S:Y] [D:Time Protocol]
38,[T:Y] [U:Yes] [S:Y] [D:Route Access Protocol (RAP)]
39,[T:Ass] [U:Yes] [S:Y] [D:Resource Location Protocol (RLP)—used for determining the location of higher level services from hosts on a network]
42,[T:Ass] [U:Yes] [S:Y] [D:Host Name Server Protocol]
43,[T:Y] [U:Ass] [S:Y] [D:WHOIS protocol]
47,[T:Res] [U:Res] [S:Y] [D:]
49,"[T:Y] [U:Yes] [S:Y] [D:TACACS Login Host protocol. TACACS+, still in draft which is an improved but dinstinct version of TACACS, only uses TCP 49.]"
50,[T:Ass] [U:Yes] [S:Y] [D:Remote Mail Checking Protocol]
51,"[T:Res] [U:Res] [S:Y] [D:Historically used for Interface Message Processor logical address management, entry has been removed by IANA on 2013-05-25]"
52,"[T:Ass] [U:Ass] [S:Y] [D:Xerox Network Systems (XNS) Time Protocol. Despite this port being assigned by IANA, the service is meant to work on SPP (ancestor of IPX/SPX), instead of TCP/IP.]"
53,[T:Y] [U:Yes] [S:Y] [D:Domain Name System (DNS)]
54,"[T:Ass] [U:Ass] [S:Y] [D:Xerox Network Systems (XNS) Clearinghouse (Name Server). Despite this port being assigned by IANA, the service is meant to work on SPP (ancestor of IPX/SPX), instead of TCP/IP.]"
56,"[T:Ass] [U:Ass] [S:Y] [D:Xerox Network Systems (XNS) Authentication Protocol. Despite this port being assigned by IANA, the service is meant to work on SPP (ancestor of IPX/SPX), instead of TCP/IP.]"
57,[T:Y] [U:Yes] [S:Y] [D:Any private terminal access[further explanation needed]]
58,"[T:Ass] [U:Ass] [S:Y] [D:Xerox Network Systems (XNS) Mail. Despite this port being assigned by IANA, the service is meant to work on SPP (ancestor of IPX/SPX), instead of TCP/IP.]"
61,"[T:Res] [U:Res] [S:Y] [D:Historically assigned to the NIFTP-Based Mail protocol, but was never documented in the related IEN. The port number entry was removed from IANA's registry on 2017-05-18.]"
67,[T:Ass] [U:Yes] [S:Y] [D:Bootstrap Protocol (BOOTP) server; also used by Dynamic Host Configuration Protocol (DHCP)]
68,[T:Ass] [U:Yes] [S:Y] [D:Bootstrap Protocol (BOOTP) client; also used by Dynamic Host Configuration Protocol (DHCP)]
69,[T:Ass] [U:Yes] [S:Y] [D:Trivial File Transfer Protocol (TFTP)]
70,[T:Y] [U:Ass] [S:Y] [D:Gopher protocol]
71-74,[T:Y] [U:Yes] [S:Y] [D:NETRJS protocol]
75,[T:Y] [U:Yes] [S:Y] [D:Any private dial out service[further explanation needed]]
77,[T:Y] [U:Yes] [S:Y] [D:Any private Remote job entry[further explanation needed]]
79,[T:Y] [U:Ass] [S:Y] [D:Finger protocol]
80,[T:Y] [U:Ass] [S:Y] [D:Hypertext Transfer Protocol (HTTP)]
80,"[T:N] [U:Yes] [S:N] [D:Quick UDP Internet Connections (QUIC), a transport protocol over UDP (still in draft as of July 2018), using stream multiplexing, encryption by default with TLS, and currently supporting HTTP/2.]"
81,[T:Y] [U:] [S:N] [D:TorPark onion routing]
82,[T:] [U:Yes] [S:N] [D:TorPark control]
87,[T:Y] [U:Yes] [S:Y] [D:Any private terminal link[further explanation needed]]
88,[T:Y] [U:Ass] [S:Y] [D:Kerberos authentication system]
90,[T:Y] [U:Yes] [S:Y] [D:dnsix (DoD Network Security for Information Exchange) Securit [sic?] Attribute Token Map]
90,[T:Y] [U:Yes] [S:N] [D:PointCast (dotcom)]
99,[T:Y] [U:] [S:N] [D:WIP message protocol]
101,[T:Y] [U:Ass] [S:Y] [D:NIC host name]
102,[T:Y] [U:Ass] [S:Y] [D:ISO Transport Service Access Point (TSAP) Class 0 protocol;]
104,[T:Y] [U:Yes] [S:Y] [D:Digital Imaging and Communications in Medicine (DICOM; also port 11112)]
105,[T:Y] [U:Yes] [S:Y] [D:CCSO Nameserver]
107,[T:Y] [U:Yes] [S:Y] [D:Remote User Telnet Service (RTelnet)]
108,[T:Y] [U:Yes] [S:Y] [D:IBM Systems Network Architecture (SNA) gateway access server]
109,"[T:Y] [U:Ass] [S:Y] [D:Post Office Protocol, version 2 (POP2)]"
110,"[T:Y] [U:Ass] [S:Y] [D:Post Office Protocol, version 3 (POP3)]"
111,"[T:Y] [U:Yes] [S:Y] [D:Open Network Computing Remote Procedure Call (ONC RPC, sometimes referred to as Sun RPC)]"
113,"[T:Y] [U:Ass] [S:Y] [D:Authentication Service (auth), the predecessor to identification protocol. Used to determine a user's identity of a particular TCP connection.]"
113,"[T:Y] [U:N] [S:Y] [D:Ident, authentication service/identification protocol, used by IRC servers to identify users]"
115,[T:Y] [U:Ass] [S:Y] [D:Simple File Transfer Protocol]
117,[T:Y] [U:Yes] [S:Y] [D:UUCP Mapping Project (path service)]
118,[T:Y] [U:Yes] [S:Y] [D:Structured Query Language (SQL) Services]
119,"[T:Y] [U:Ass] [S:Y] [D:Network News Transfer Protocol (NNTP), retrieval of newsgroup messages]"
123,"[T:Ass] [U:Yes] [S:Y] [D:Network Time Protocol (NTP), used for time synchronization]"
126,"[T:Y] [U:Yes] [S:Y] [D:Formerly Unisys Unitary Login, renamed by Unisys to NXEdit. Used by Unisys Programmer's Workbench for Clearpath MCP, an IDE for Unisys MCP software development]"
135,[T:Y] [U:Yes] [S:Y] [D:DCE endpoint resolution]
135,"[T:Y] [U:Yes] [S:Y] [D:Microsoft EPMAP (End Point Mapper), also known as DCE/RPC Locator service, used to remotely manage services including DHCP server, DNS server and WINS. Also used by DCOM]"
137,"[T:Y] [U:Yes] [S:Y] [D:NetBIOS Name Service, used for name registration and resolution]"
138,[T:Ass] [U:Yes] [S:Y] [D:NetBIOS Datagram Service]
139,[T:Y] [U:Ass] [S:Y] [D:NetBIOS Session Service]
143,"[T:Y] [U:Ass] [S:Y] [D:Internet Message Access Protocol (IMAP), management of electronic mail messages on a server]"
152,[T:Y] [U:Yes] [S:Y] [D:Background File Transfer Program (BFTP)]
153,"[T:Y] [U:Yes] [S:Y] [D:Simple Gateway Monitoring Protocol (SGMP), a protocol for remote inspection and alteration of gateway management information]"
156,[T:Y] [U:Yes] [S:Y] [D:Structured Query Language (SQL) Service]
158,"[T:Y] [U:Yes] [S:Y] [D:Distributed Mail System Protocol (DMSP, sometimes referred to as Pcmail)]"
161,[T:Ass] [U:Yes] [S:Y] [D:Simple Network Management Protocol (SNMP)]
162,[T:Y] [U:Yes] [S:Y] [D:Simple Network Management Protocol Trap (SNMPTRAP)]
170,[T:Y] [U:Yes] [S:Y] [D:Print server]
177,"[T:Y] [U:Yes] [S:Y] [D:X Display Manager Control Protocol (XDMCP), used for remote logins to an X Display Manager server]"
179,"[T:Y] [U:Ass] [S:Y] [D:Border Gateway Protocol (BGP), used to exchange routing and reachability information among autonomous systems (AS) on the Internet]"
194,[T:Y] [U:Yes] [S:Y] [D:Internet Relay Chat (IRC)]
199,[T:Y] [U:Yes] [S:Y] [D:SNMP multiplexing protocol (SMUX)]
201,[T:Y] [U:Yes] [S:Y] [D:AppleTalk Routing Maintenance]
209,[T:Y] [U:Ass] [S:Y] [D:Quick Mail Transfer Protocol]
210,[T:Y] [U:Yes] [S:Y] [D:ANSI Z39.50]
213,[T:Y] [U:Yes] [S:Y] [D:Internetwork Packet Exchange (IPX)]
218,[T:Y] [U:Yes] [S:Y] [D:Message posting protocol (MPP)]
220,"[T:Y] [U:Yes] [S:Y] [D:Internet Message Access Protocol (IMAP), version 3]"
225-241,[T:Res] [U:Res] [S:Y] [D:]
249-255,[T:Res] [U:Res] [S:Y] [D:]
259,[T:Y] [U:Yes] [S:Y] [D:Efficient Short Remote Operations (ESRO)]
262,[T:Y] [U:Yes] [S:Y] [D:Arcisdms]
264,[T:Y] [U:Yes] [S:Y] [D:Border Gateway Multicast Protocol (BGMP)]
280,[T:Y] [U:Yes] [S:Y] [D:http-mgmt]
300,[T:Y] [U:] [S:N] [D:ThinLinc Web Access]
308,[T:Y] [U:] [S:Y] [D:Novastor Online Backup]
311,[T:Y] [U:Ass] [S:Y] [D:Mac OS X Server Admin (officially AppleShare IP Web administration)]
318,[T:Y] [U:Yes] [S:Y] [D:PKIX Time Stamp Protocol (TSP)]
319,[T:] [U:Yes] [S:Y] [D:Precision Time Protocol (PTP) event messages]
320,[T:] [U:Yes] [S:Y] [D:Precision Time Protocol (PTP) general messages]
350,[T:Y] [U:Yes] [S:Y] [D:Mapping of Airline Traffic over Internet Protocol (MATIP) type A]
351,[T:Y] [U:Yes] [S:Y] [D:MATIP type B]
356,[T:Y] [U:Yes] [S:Y] [D:cloanto-net-1 (used by Cloanto Amiga Explorer and VMs)]
366,[T:Y] [U:Yes] [S:Y] [D:On-Demand Mail Relay (ODMR)]
369,[T:Y] [U:Yes] [S:Y] [D:Rpc2portmap]
370,"[T:Y] [U:Yes] [S:Y] [D:codaauth2, Coda authentication server]"
370,"[T:] [U:Yes] [S:Y] [D:securecast1, outgoing packets to NAI's SecureCast serversAs of 2000]"
371,[T:Y] [U:Yes] [S:Y] [D:ClearCase albd]
383,[T:Y] [U:Yes] [S:Y] [D:HP data alarm manager]
384,[T:Y] [U:Yes] [S:Y] [D:A Remote Network Server System]
387,[T:Y] [U:Yes] [S:Y] [D:AURP (AppleTalk Update-based Routing Protocol)]
389,[T:Y] [U:Ass] [S:Y] [D:Lightweight Directory Access Protocol (LDAP)]
399,[T:Y] [U:Yes] [S:Y] [D:Digital Equipment Corporation DECnet (Phase V+) over TCP/IP]
401,[T:Y] [U:Yes] [S:Y] [D:Uninterruptible power supply (UPS)]
427,[T:Y] [U:Yes] [S:Y] [D:Service Location Protocol (SLP)]
433,"[T:Y] [U:Yes] [S:Y] [D:NNSP, part of Network News Transfer Protocol]"
434,[T:Y] [U:Yes] [S:Y] [D:Mobile IP Agent (RFC 5944)]
443,[T:Y] [U:Ass] [S:Y] [D:Hypertext Transfer Protocol over TLS/SSL (HTTPS)]
443,"[T:N] [U:Yes] [S:N] [D:Quick UDP Internet Connections (QUIC), a transport protocol over UDP (still in draft as of July 2018), using stream multiplexing, encryption by default with TLS, and currently supporting HTTP/2.]"
444,"[T:Y] [U:Yes] [S:Y] [D:Simple Network Paging Protocol (SNPP), RFC 1568]"
445,"[T:Y] [U:Yes] [S:Y] [D:Microsoft-DS (Directory Services) Active Directory, Windows shares]"
445,[T:Y] [U:Ass] [S:Y] [D:Microsoft-DS (Directory Services) SMB file sharing]
464,[T:Y] [U:Yes] [S:Y] [D:Kerberos Change/Set password]
465,[T:Y] [U:N] [S:Y] [D:Authenticated SMTP over TLS/SSL (SMTPS)]
465,[T:Y] [U:N] [S:Y] [D:URL Rendezvous Directory for SSM (Cisco protocol)]
475,"[T:Y] [U:Yes] [S:Y] [D:tcpnethaspsrv, Aladdin Knowledge Systems Hasp services]"
491,[T:Y] [U:] [S:N] [D:GO-Global remote access and application publishing software]
497,[T:Y] [U:Yes] [S:Y] [D:Retrospect]
500,[T:Ass] [U:Yes] [S:Y] [D:Internet Security Association and Key Management Protocol (ISAKMP) / Internet Key Exchange (IKE)]
502,[T:Y] [U:Yes] [S:Y] [D:Modbus Protocol]
504,"[T:Y] [U:Yes] [S:Y] [D:Citadel, multiservice protocol for dedicated clients for the Citadel groupware system]"
510,"[T:Y] [U:Yes] [S:Y] [D:FirstClass Protocol (FCP), used by FirstClass client/server groupware system]"
512,"[T:Y] [U:] [S:Y] [D:Rexec, Remote Process Execution]"
512,"[T:] [U:Yes] [S:Y] [D:comsat, together with biff]"
513,[T:Y] [U:] [S:Y] [D:rlogin]
513,[T:] [U:Yes] [S:Y] [D:Who]
514,"[T:Y] [U:] [S:Y] [D:Remote Shell, used to execute non-interactive commands on a remote system (Remote Shell, rsh, remsh)]"
514,"[T:N] [U:Yes] [S:Y] [D:Syslog, used for system logging]"
515,"[T:Y] [U:Ass] [S:Y] [D:Line Printer Daemon (LPD), print service]"
517,[T:] [U:Yes] [S:Y] [D:Talk]
518,[T:] [U:Yes] [S:Y] [D:NTalk]
520,"[T:Y] [U:] [S:Y] [D:efs, extended file name server]"
520,[T:] [U:Yes] [S:Y] [D:Routing Information Protocol (RIP)]
521,[T:] [U:Yes] [S:Y] [D:Routing Information Protocol Next Generation (RIPng)]
524,"[T:Y] [U:Yes] [S:Y] [D:NetWare Core Protocol (NCP) is used for a variety things such as access to primary NetWare server resources, Time Synchronization, etc.]"
525,"[T:] [U:Yes] [S:Y] [D:Timed, Timeserver]"
530,[T:Y] [U:Yes] [S:Y] [D:Remote procedure call (RPC)]
532,[T:Y] [U:Ass] [S:Y] [D:netnews]
533,"[T:] [U:Yes] [S:Y] [D:netwall, For Emergency Broadcasts]"
540,[T:Y] [U:] [S:Y] [D:Unix-to-Unix Copy Protocol (UUCP)]
542,[T:Y] [U:Yes] [S:Y] [D:commerce (Commerce Applications)]
543,"[T:Y] [U:] [S:Y] [D:klogin, Kerberos login]"
544,"[T:Y] [U:] [S:Y] [D:kshell, Kerberos Remote shell]"
546,[T:Y] [U:Yes] [S:Y] [D:DHCPv6 client]
547,[T:Y] [U:Yes] [S:Y] [D:DHCPv6 server]
548,[T:Y] [U:Ass] [S:Y] [D:Apple Filing Protocol (AFP) over TCP]
550,"[T:Y] [U:Yes] [S:Y] [D:new-rwho, new-who]"
554,[T:Y] [U:Yes] [S:Y] [D:Real Time Streaming Protocol (RTSP)]
556,"[T:Y] [U:] [S:Y] [D:Remotefs, RFS, rfs_server]"
560,"[T:] [U:Yes] [S:Y] [D:rmonitor, Remote Monitor]"
561,[T:] [U:Yes] [S:Y] [D:monitor]
563,[T:Y] [U:Yes] [S:Y] [D:NNTP over TLS/SSL (NNTPS)]
564,[T:Y] [U:] [S:N] [D:9P (Plan 9)]
585,"[T:Port 993] [U:?] [S:N] [D:Legacy use of Internet Message Access Protocol over TLS/SSL (IMAPS), now in use at port 993.]"
587,[T:Y] [U:Ass] [S:Y] [D:email message submission (SMTP)]
591,"[T:Y] [U:] [S:Y] [D:FileMaker 6.0 (and later) Web Sharing (HTTP Alternate, also see port 80)]"
593,"[T:Y] [U:Yes] [S:Y] [D:HTTP RPC Ep Map, Remote procedure call over Hypertext Transfer Protocol, often used by Distributed Component Object Model services and Microsoft Exchange Server]"
601,[T:Y] [U:] [S:Y] [D:Reliable Syslog Service — used for system logging]
604,"[T:Y] [U:] [S:Y] [D:TUNNEL profile, a protocol for BEEP peers to form an application layer tunnel]"
623,[T:] [U:Yes] [S:Y] [D:ASF Remote Management and Control Protocol (ASF-RMCP) & IPMI Remote Management Protocol]
625,[T:Y] [U:N] [S:N] [D:Open Directory Proxy (ODProxy)]
631,[T:Y] [U:Yes] [S:N] [D:Common Unix Printing System (CUPS) administration console (extension to IPP)]
631,[T:Y] [U:Yes] [S:Y] [D:Internet Printing Protocol (IPP)]
635,[T:Y] [U:Yes] [S:Y] [D:RLZ DBase]
636,[T:Y] [U:Ass] [S:Y] [D:Lightweight Directory Access Protocol over TLS/SSL (LDAPS)]
639,"[T:Y] [U:Yes] [S:Y] [D:MSDP, Multicast Source Discovery Protocol]"
641,"[T:Y] [U:Yes] [S:Y] [D:SupportSoft Nexus Remote Command (control/listening), a proxy gateway connecting remote control traffic]"
643,[T:Y] [U:Yes] [S:Y] [D:SANity]
646,"[T:Y] [U:Yes] [S:Y] [D:Label Distribution Protocol (LDP), a routing protocol used in MPLS networks]"
647,[T:Y] [U:] [S:Y] [D:DHCP Failover protocol]
648,[T:Y] [U:] [S:Y] [D:Registry Registrar Protocol (RRP)]
651,[T:Y] [U:Yes] [S:Y] [D:IEEE-MMS]
653,"[T:Y] [U:Yes] [S:Y] [D:SupportSoft Nexus Remote Command (data), a proxy gateway connecting remote control traffic]"
654,[T:Y] [U:] [S:Y] [D:Media Management System (MMS) Media Management Protocol (MMP)]
655,[T:Y] [U:Yes] [S:Y] [D:Tinc VPN daemon]
657,"[T:Y] [U:Yes] [S:Y] [D:IBM RMC (Remote monitoring and Control) protocol, used by System p5 AIX Integrated Virtualization Manager (IVM) and Hardware Management Console to connect managed logical partitions (LPAR) to enable dynamic partition reconfiguration]"
660,"[T:Y] [U:Ass] [S:Y] [D:Mac OS X Server administration, version 10.4 and earlier]"
666,"[T:Y] [U:] [S:N] [D:airserv-ng, aircrack-ng's server for remote-controlling wireless devices]"
6660-6664,"[T:Y] [U:Yes] [S:Y] [D:Doom, first online first-person shooter]"
674,[T:Y] [U:] [S:Y] [D:Application Configuration Access Protocol (ACAP)]
688,[T:Y] [U:Yes] [S:Y] [D:REALM-RUSD (ApplianceWare Server Appliance Management Protocol)]
690,[T:Y] [U:Yes] [S:Y] [D:Velneo Application Transfer Protocol (VATP)]
691,[T:Y] [U:] [S:Y] [D:MS Exchange Routing]
694,[T:Y] [U:Yes] [S:Y] [D:Linux-HA high-availability heartbeat]
695,[T:Y] [U:] [S:Y] [D:IEEE Media Management System over SSL (IEEE-MMS-SSL)]
698,[T:] [U:Yes] [S:Y] [D:Optimized Link State Routing (OLSR)]
700,"[T:Y] [U:] [S:Y] [D:Extensible Provisioning Protocol (EPP), a protocol for communication between domain name registries and registrars (RFC 5734)]"
701,"[T:Y] [U:] [S:Y] [D:Link Management Protocol (LMP), a protocol that runs between a pair of nodes and is used to manage traffic engineering (TE) links]"
702,[T:Y] [U:] [S:Y] [D:IRIS (Internet Registry Information Service) over BEEP (Blocks Extensible Exchange Protocol) (RFC 3983)]
706,[T:Y] [U:] [S:Y] [D:Secure Internet Live Conferencing (SILC)]
711,[T:Y] [U:] [S:Y] [D:Cisco Tag Distribution Protocol—being replaced by the MPLS Label Distribution Protocol]
712,[T:Y] [U:] [S:Y] [D:Topology Broadcast based on Reverse-Path Forwarding routing protocol (TBRPF; RFC 3684)]
749,[T:Y] [U:Yes] [S:Y] [D:Kerberos (protocol) administration]
750,"[T:] [U:Yes] [S:Y] [D:kerberos-iv, Kerberos version IV]"
751,"[T:Y] [U:Yes] [S:N] [D:kerberos_master, Kerberos authentication]"
752,"[T:] [U:Yes] [S:N] [D:passwd_server, Kerberos password (kpasswd) server]"
753,[T:Y] [U:Yes] [S:Y] [D:Reverse Routing Header (RRH)]
753,"[T:] [U:Yes] [S:N] [D:userreg_server, Kerberos userreg server]"
754,"[T:Y] [U:] [S:N] [D:krb5_prop, Kerberos v5 slave propagation]"
754,[T:Y] [U:Yes] [S:Y] [D:tell send]
760,"[T:Y] [U:Yes] [S:N] [D:krbupdate [kreg], Kerberos registration]"
782,[T:Y] [U:] [S:N] [D:Conserver serial-console management server]
783,[T:Y] [U:] [S:N] [D:SpamAssassin spamd daemon]
800,[T:Y] [U:Yes] [S:Y] [D:mdbs-daemon]
808,[T:Y] [U:] [S:N] [D:Microsoft Net.TCP Port Sharing Service]
829,[T:Y] [U:Ass] [S:Y] [D:Certificate Management Protocol]
830,[T:Y] [U:Yes] [S:Y] [D:NETCONF over SSH]
831,[T:Y] [U:Yes] [S:Y] [D:NETCONF over BEEP]
832,[T:Y] [U:Yes] [S:Y] [D:NETCONF for SOAP over HTTPS]
833,[T:Y] [U:Yes] [S:Y] [D:NETCONF for SOAP over BEEP]
843,[T:Y] [U:] [S:N] [D:Adobe Flash]
847,[T:Y] [U:] [S:Y] [D:DHCP Failover protocol]
848,[T:Y] [U:Yes] [S:Y] [D:Group Domain Of Interpretation (GDOI) protocol]
853,[T:Y] [U:Yes] [S:Y] [D:DNS over TLS (RFC 7858)]
860,[T:Y] [U:] [S:Y] [D:iSCSI (RFC 3720)]
861,[T:Y] [U:Yes] [S:Y] [D:OWAMP control (RFC 4656)]
862,[T:Y] [U:Yes] [S:Y] [D:TWAMP control (RFC 5357)]
873,[T:Y] [U:] [S:Y] [D:rsync file synchronization protocol]
888,"[T:Y] [U:] [S:N] [D:cddbp, CD DataBase (CDDB) protocol (CDDBP)]"
888,[T:Y] [U:] [S:N] [D:IBM Endpoint Manager Remote Control]
897,[T:Y] [U:Yes] [S:N] [D:Brocade SMI-S RPC]
898,[T:Y] [U:Yes] [S:N] [D:Brocade SMI-S RPC SSL]
902,[T:Y] [U:Yes] [S:N] [D:VMware ESXi]
903,[T:Y] [U:] [S:N] [D:VMware ESXi]
953,[T:Y] [U:Res] [S:Y] [D:BIND remote name daemon control (RNDC)]
981,[T:Y] [U:] [S:N] [D:Remote HTTPS management for firewall devices running embedded Check Point VPN-1 software]
987,"[T:Y] [U:] [S:N] [D:Microsoft Remote Web Workplace, a feature of Windows Small Business Server]"
989,"[T:Y] [U:Yes] [S:Y] [D:FTPS Protocol (data), FTP over TLS/SSL]"
990,"[T:Y] [U:Yes] [S:Y] [D:FTPS Protocol (control), FTP over TLS/SSL]"
991,[T:Y] [U:Yes] [S:Y] [D:Netnews Administration System (NAS)]
992,[T:Y] [U:Yes] [S:Y] [D:Telnet protocol over TLS/SSL]
993,[T:Y] [U:Ass] [S:Y] [D:Internet Message Access Protocol over TLS/SSL (IMAPS)]
994,"[T:Maybe] [U:Maybe] [S:N] [D:Internet Relay Chat over TLS/SSL (IRCS). Previously assigned, but not used in common practice.]"
994,[T:Res] [U:Res] [S:Y] [D:]
995,[T:Y] [U:Yes] [S:Y] [D:Post Office Protocol 3 over TLS/SSL (POP3S)]
1010,[T:Y] [U:] [S:N] [D:ThinLinc web-based administration interface]
1011-1020,[T:Res] [U:Res] [S:Y] [D:]
1023,[T:Y] [U:Yes] [S:N] [D:z/OS Network File System (NFS) (potentially ports 991–1023)]
1023,[T:Res] [U:Res] [S:Y] [D:]
1024,[T:Res] [U:Res] [S:Y] [D:Reserved]
1027,[T:Res] [U:] [S:Y] [D:Reserved]
,[T:] [U:Yes] [S:Y] [D:Native IPv6 behind IPv4-to-IPv4 NAT Customer Premises Equipment (6a44)]
1028,[T:] [U:] [S:Y] [D:Deprecated]
1029,[T:] [U:] [S:Y] [D:Microsoft DCOM services]
1058,"[T:Y] [U:Yes] [S:Y] [D:nim, IBM AIX Network Installation Manager (NIM)]"
1059,"[T:Y] [U:Yes] [S:Y] [D:nimreg, IBM AIX Network Installation Manager (NIM)]"
1080,[T:Y] [U:Yes] [S:Y] [D:SOCKS proxy]
1085,[T:Y] [U:Yes] [S:Y] [D:WebObjects]
1098,"[T:Y] [U:Yes] [S:Y] [D:rmiactivation, Java remote method invocation (RMI) activation]"
1099,"[T:Y] [U:Ass] [S:Y] [D:rmiregistry, Java remote method invocation (RMI) registry]"
1109,[T:] [U:] [S:Y] [D:Reserved – IANA]
,[T:Y] [U:] [S:N] [D:Kerberos Post Office Protocol (KPOP)]
1119,"[T:Y] [U:Yes] [S:Y] [D:Battle.net chat/game protocol, used by Blizzard's games]"
1167,[T:Y] [U:Yes] [S:Y] [D:Cisco IP SLA (Service Assurance Agent)]
1194,[T:Y] [U:Yes] [S:Y] [D:OpenVPN]
1198,[T:Y] [U:Yes] [S:Y] [D:The cajo project Free dynamic transparent distributed computing in Java]
1214,[T:Y] [U:Yes] [S:Y] [D:Kazaa]
1220,[T:Y] [U:Ass] [S:Y] [D:QuickTime Streaming Server administration]
1234,[T:Y] [U:Yes] [S:Y] [D:Infoseek search agent]
,[T:] [U:Yes] [S:N] [D:VLC media player default port for UDP/RTP stream]
1241,[T:Y] [U:Yes] [S:Y] [D:Nessus Security Scanner]
1270,[T:Y] [U:Yes] [S:Y] [D:Microsoft System Center Operations Manager (SCOM) (formerly Microsoft Operations Manager (MOM)) agent]
1293,[T:Y] [U:Yes] [S:Y] [D:Internet Protocol Security (IPSec)]
1311,[T:Y] [U:Yes] [S:Y] [D:Windows RxMon.exe]
,[T:Y] [U:] [S:N] [D:Dell OpenManage HTTPS]
1314,[T:?] [U:?] [S:N] [D:Festival Speech Synthesis System server]
1337,[T:Y] [U:] [S:N] [D:neo4j-shell]
,[T:Y] [U:] [S:N] [D:WASTE Encrypted File Sharing Program]
1341,[T:Y] [U:Yes] [S:Y] [D:Qubes (Manufacturing Execution System)]
1344,[T:Y] [U:Yes] [S:Y] [D:Internet Content Adaptation Protocol]
1352,[T:Y] [U:Yes] [S:Y] [D:IBM Lotus Notes/Domino (RPC) protocol]
1360,[T:Y] [U:Yes] [S:Y] [D:Mimer SQL]
1414,[T:Y] [U:Yes] [S:Y] [D:IBM WebSphere MQ (formerly known as MQSeries)]
1417,[T:Y] [U:Yes] [S:Y] [D:Timbuktu Service 1 Port]
1418,[T:Y] [U:Yes] [S:Y] [D:Timbuktu Service 2 Port]
1419,[T:Y] [U:Yes] [S:Y] [D:Timbuktu Service 3 Port]
1420,[T:Y] [U:Yes] [S:Y] [D:Timbuktu Service 4 Port]
1431,"[T:Y] [U:] [S:Y] [D:Reverse Gossip Transport Protocol (RGTP), used to access a General-purpose Reverse-Ordered Gossip Gathering System (GROGGS) bulletin board, such as that implemented on the Cambridge University's Phoenix system]"
1433,[T:Y] [U:Yes] [S:Y] [D:Microsoft SQL Server database management system (MSSQL) server]
1434,[T:Y] [U:Yes] [S:Y] [D:Microsoft SQL Server database management system (MSSQL) monitor]
1492,"[T:Y] [U:] [S:N] [D:Sid Meier's CivNet, a multiplayer remake of the original Sid Meier's Civilization game]"
1494,[T:Y] [U:Yes] [S:N] [D:Citrix Independent Computing Architecture (ICA)]
1500,[T:Y] [U:] [S:N] [D:IBM Tivoli Storage Manager server]
1501,[T:Y] [U:] [S:N] [D:IBM Tivoli Storage Manager client scheduler]
1503,[T:Y] [U:Yes] [S:N] [D:Windows Live Messenger (Whiteboard and Application Sharing)]
1512,[T:Y] [U:Yes] [S:Y] [D:Microsoft's Windows Internet Name Service (WINS)]
1513,[T:Y] [U:Yes] [S:N] [D:Garena game client]
1521,[T:Y] [U:Yes] [S:Y] [D:nCUBE License Manager]
,"[T:Y] [U:] [S:N] [D:Oracle database default listener, in future releases[when?] official port 2483 (TCP/IP) and 2484 (TCP/IP with SSL)]"
1524,"[T:Y] [U:Yes] [S:Y] [D:ingreslock, ingres]"
1527,"[T:Y] [U:Yes] [S:Y] [D:Oracle Net Services, formerly known as SQL*Net]"
,[T:Y] [U:] [S:N] [D:Apache Derby Network Server]
1533,[T:Y] [U:Yes] [S:Y] [D:IBM Sametime Virtual Places Chat]
1540,[T:Y] [U:Yes] [S:N] [D:1C:Enterprise server agent (ragent)]
1541,[T:Y] [U:Yes] [S:N] [D:1C:Enterprise master cluster manager (rmngr)]
1542,[T:Y] [U:Yes] [S:N] [D:1C:Enterprise configuration repository server]
1545,[T:Y] [U:Yes] [S:N] [D:1C:Enterprise cluster administration server (RAS)]
1547,[T:Y] [U:Yes] [S:Y] [D:Laplink]
1550,[T:Y] [U:Yes] [S:N] [D:1C:Enterprise debug server]
,[T:Y] [U:] [S:N] [D:Gadu-Gadu (direct client-to-client)]
1560-1591,[T:Y] [U:Yes] [S:N] [D:1C:Enterprise cluster working processes]
1581,[T:Y] [U:Yes] [S:Y] [D:MIL STD 2045-47001 VMF]
,[T:Y] [U:] [S:N] [D:IBM Tivoli Storage Manager web client]
1582-1583,[T:Y] [U:] [S:N] [D:IBM Tivoli Storage Manager server web interface]
1583,[T:?] [U:?] [S:N] [D:Pervasive PSQL]
1589,[T:Y] [U:Yes] [S:Y] [D:Cisco VLAN Query Protocol (VQP)]
1604,[T:Y] [U:Yes] [S:N] [D:DarkComet remote administration tool (RAT)]
1626,[T:Y] [U:?] [S:N] [D:iSketch]
1627,[T:Y] [U:?] [S:N] [D:iSketch]
1628,[T:Y] [U:Yes] [S:Y] [D:LonTalk normal]
1629,[T:Y] [U:Yes] [S:Y] [D:LonTalk urgent]
1645,[T:] [U:Yes] [S:N] [D:Early deployment of RADIUS before RFC standardization was done using UDP port number 1645. Enabled for compatibility reasons by default on Ciscoand Juniper Networks RADIUS servers. 1 port is 1812. TCP port 1645 must not be used.]
1646,"[T:] [U:Yes] [S:N] [D:Old radacct port,[when?] RADIUS accounting protocol. Enabled for compatibility reasons by default on Ciscoand Juniper Networks RADIUS servers. 1 port is 1813. TCP port 1646 must not be used.]"
1666,[T:Y] [U:] [S:N] [D:Perforce]
1677,[T:Y] [U:Yes] [S:Y] [D:Novell GroupWise clients in client/server access mode]
1688,[T:Y] [U:] [S:N] [D:Microsoft Key Management Service (KMS) for Windows Activation]
1701,[T:Y] [U:Yes] [S:Y] [D:Layer 2 Forwarding Protocol (L2F)]
,[T:Ass] [U:Yes] [S:Y] [D:Layer 2 Tunneling Protocol (L2TP)]
1707,[T:Y] [U:Yes] [S:Y] [D:Windward Studios games (vdmplay)]
,"[T:] [U:Yes] [S:N] [D:L2TP/IPsec, for establish an initial connection]"
1716,"[T:] [U:Yes] [S:N] [D:America's Army, a massively multiplayer online game (MMO)]"
1719,[T:Y] [U:Yes] [S:Y] [D:H.323 registration and alternate communication]
1720,[T:Y] [U:Yes] [S:Y] [D:H.323 call signaling]
1723,[T:Y] [U:Ass] [S:Y] [D:Point-to-Point Tunneling Protocol (PPTP)]
1755,"[T:Y] [U:Yes] [S:Y] [D:Microsoft Media Services (MMS, ms-streaming)]"
1761,[T:Y] [U:Yes] [S:N] [D:Novell ZENworks]
1783,"[T:] [U:] [S:Y] [D:Decomissioned [sic] Port 04/14/00, ms]"
1801,[T:Y] [U:Yes] [S:Y] [D:Microsoft Message Queuing]
1812,"[T:Y] [U:Yes] [S:Y] [D:RADIUS authentication protocol, radius]"
1813,"[T:Y] [U:Yes] [S:Y] [D:RADIUS accounting protocol, radius-acct]"
1863,"[T:Y] [U:Yes] [S:Y] [D:Microsoft Notification Protocol (MSNP), used by the Microsoft Messenger service and a number of instant messaging Messenger clients]"
1880,[T:?] [U:?] [S:N] [D:Node-RED]
1883,[T:Y] [U:Yes] [S:Y] [D:MQTT (formerly MQ Telemetry Transport)]
1900,"[T:Ass] [U:Yes] [S:Y] [D:Simple Service Discovery Protocol (SSDP), discovery of UPnP devices]"
1935,"[T:Y] [U:Yes] [S:Y] [D:Macromedia Flash Communications Server MX, the precursor to Adobe Flash Media Server before Macromedia's acquisition by Adobe on December 3, 2005]"
,"[T:Y] [U:Yes] [S:N] [D:Real Time Messaging Protocol (RTMP), primarily used in Adobe Flash]"
1967,[T:] [U:Yes] [S:N] [D:Cisco IOS IP Service Level Agreements (IP SLAs) Control Protocol]
1970,[T:Y] [U:Yes] [S:Y] [D:Netop Remote Control]
1972,[T:Y] [U:Yes] [S:Y] [D:InterSystems Caché]
1984,[T:Y] [U:Yes] [S:Y] [D:Big Brother]
1985,[T:Ass] [U:Yes] [S:Y] [D:Cisco Hot Standby Router Protocol (HSRP)]
1998,[T:Y] [U:Yes] [S:Y] [D:Cisco X.25 over TCP (XOT) service]
2000,[T:Y] [U:Yes] [S:Y] [D:Cisco Skinny Client Control Protocol (SCCP)]
2010,[T:?] [U:?] [S:N] [D:Artemis: Spaceship Bridge Simulator]
2033,[T:Y] [U:Yes] [S:N] [D:Civilization IV multiplayer]
2049,[T:Y] [U:Yes] [S:Y] [D:Network File System (NFS)]
2056,[T:Y] [U:Yes] [S:N] [D:Civilization IV multiplayer]
2080,[T:Y] [U:Yes] [S:Y] [D:Autodesk NLM (FLEXlm)]
2082,[T:Y] [U:] [S:N] [D:cPanel default]
2083,[T:Y] [U:Yes] [S:Y] [D:Secure RADIUS Service (radsec)]
,[T:Y] [U:] [S:N] [D:cPanel default SSL]
2086,[T:Y] [U:Yes] [S:Y] [D:GNUnet]
,[T:Y] [U:] [S:N] [D:WebHost Manager default]
2087,[T:Y] [U:] [S:N] [D:WebHost Manager default SSL]
2095,[T:Y] [U:] [S:Y] [D:cPanel default web mail]
2096,[T:Y] [U:] [S:N] [D:cPanel default SSL web mail]
2100,[T:Y] [U:] [S:N] [D:Warzone 2100 multiplayer]
2101,[T:Y] [U:] [S:N] [D:Networked Transport of RTCM via Internet Protocol (NTRIP)]
2102,[T:Y] [U:Yes] [S:Y] [D:Zephyr Notification Service server]
2103,[T:Y] [U:Yes] [S:Y] [D:Zephyr Notification Service serv-hm connection]
2104,[T:Y] [U:Yes] [S:Y] [D:Zephyr Notification Service hostmanager]
2123,[T:Y] [U:Yes] [S:Y] [D:GTP control messages (GTP-C)]
2142,[T:Y] [U:Yes] [S:Y] [D:TDMoIP (TDM over IP)]
2152,[T:Y] [U:Yes] [S:Y] [D:GTP user data messages (GTP-U)]
2159,[T:Y] [U:Yes] [S:Y] [D:GDB remote debug port]
2181,[T:Y] [U:Yes] [S:Y] [D:EForward-document transport system]
,[T:Y] [U:] [S:N] [D:Apache ZooKeeper default client port]
2195,[T:Y] [U:] [S:N] [D:Apple Push Notification Service]
2196,"[T:Y] [U:] [S:N] [D:Apple Push Notification Service, feedback service]"
2210,[T:Y] [U:Yes] [S:Y] [D:NOAAPORT Broadcast Network]
2211,[T:Y] [U:Yes] [S:Y] [D:EMWIN]
2221,[T:Y] [U:] [S:N] [D:ESET anti-virus updates]
2222,[T:Y] [U:Yes] [S:Y] [D:EtherNet/IP implicit messaging for IO data]
,[T:?] [U:?] [S:N] [D:DirectAdmin Access]
2222-2226,[T:Y] [U:] [S:Y] [D:ESET Remote administrator]
2261,[T:Y] [U:Yes] [S:Y] [D:CoMotion master]
2262,[T:Y] [U:Yes] [S:Y] [D:CoMotion backup]
2266,[T:Y] [U:Yes] [S:Y] [D:M-Files]
2302,[T:] [U:Yes] [S:N] [D:ArmA multiplayer]
,[T:] [U:Yes] [S:N] [D:Halo: Combat Evolved multiplayer host]
2303,[T:] [U:Yes] [S:N] [D:ArmA multiplayer (default port for game +1)]
,[T:] [U:Yes] [S:N] [D:Halo: Combat Evolved multiplayer listener]
2305,[T:] [U:Yes] [S:N] [D:ArmA multiplayer (default port for game +3)]
2351,[T:Y] [U:] [S:N] [D:AIM game LAN network port]
2368,[T:Y] [U:] [S:N] [D:Ghost (blogging platform)]
2369,[T:Y] [U:] [S:N] [D:Default for BMC Control-M/Server Configuration Agent]
2370,"[T:Y] [U:] [S:N] [D:Default for BMC Control-M/Server, to allow the Control-M/Enterprise Manager to connect to the Control-M/Server]"
2372,"[T:Y] [U:] [S:N] [D:Default for K9 Web Protection/parental controls, content filtering agent]"
2375,[T:Y] [U:Res] [S:Y] [D:Docker REST API (plain)]
2376,[T:Y] [U:Res] [S:Y] [D:Docker REST API (SSL)]
2377,[T:Y] [U:Res] [S:Y] [D:Docker Swarm cluster management communications]
2379,[T:Y] [U:Res] [S:Y] [D:CoreOS etcd client communication]
,[T:Y] [U:] [S:N] [D:KGS Go Server]
2380,[T:Y] [U:Res] [S:Y] [D:CoreOS etcd server communication]
2399,[T:Y] [U:Yes] [S:Y] [D:FileMaker Data Access Layer (ODBC/JDBC)]
2401,[T:Y] [U:Yes] [S:Y] [D:CVS version control system password-based server]
2404,"[T:Y] [U:Yes] [S:Y] [D:IEC 60870-5-104, used to send electric power telecontrol messages between two systems via directly connected data circuits]"
2424,[T:Y] [U:] [S:N] [D:OrientDB database listening for binary client connections]
2427,[T:Y] [U:Yes] [S:Y] [D:Media Gateway Control Protocol (MGCP) media gateway]
2447,[T:Y] [U:Yes] [S:Y] [D:ovwdb—OpenView Network Node Manager (NNM) daemon]
2480,[T:Y] [U:] [S:N] [D:OrientDB database listening for HTTP client connections]
2483,"[T:Y] [U:Yes] [S:Y] [D:Oracle database listening for insecure client connections to the listener, replaces port 1521[when?]]"
2484,[T:Y] [U:Yes] [S:Y] [D:Oracle database listening for SSL client connections to the listener]
2535,[T:Y] [U:Yes] [S:Y] [D:Multicast Address Dynamic Client Allocation Protocol (MADCAP). All standard messages are UDP datagrams.]
2541,[T:Y] [U:Yes] [S:Y] [D:LonTalk/IP]
2546-2548,[T:Y] [U:Yes] [S:Y] [D:EVault data protection services]
2593,[T:Y] [U:Yes] [S:N] [D:Ultima Online servers]
2598,[T:Y] [U:] [S:N] [D:Citrix Independent Computing Architecture (ICA) with Session Reliability; port 1494 without session reliability]
2599,[T:Y] [U:Yes] [S:N] [D:Ultima Online servers]
2638,[T:Y] [U:Yes] [S:Y] [D:SQL Anywhere database server]
2710,[T:Y] [U:Yes] [S:N] [D:XBT Tracker. UDP tracker extension is considered experimental.]
2727,[T:Y] [U:Yes] [S:Y] [D:Media Gateway Control Protocol (MGCP) media gateway controller (call agent)]
2809,"[T:Y] [U:Yes] [S:Y] [D:corbaloc:iiop URL, per the CORBA 3.0.3 specification]"
2811,"[T:Y] [U:Yes] [S:Y] [D:gsi ftp, per the GridFTP specification]"
2827,[T:Y] [U:] [S:N] [D:I2P BOB Bridge]
2944,[T:Y] [U:Yes] [S:Y] [D:Megaco text H.248]
2945,[T:Y] [U:Yes] [S:Y] [D:Megaco binary (ASN.1) H.248]
2947,"[T:Y] [U:Yes] [S:Y] [D:gpsd, GPS daemon]"
2948,[T:Y] [U:Yes] [S:Y] [D:WAP push Multimedia Messaging Service (MMS)]
2949,[T:Y] [U:Yes] [S:Y] [D:WAP push secure (MMS)]
2967,[T:Y] [U:Yes] [S:Y] [D:Symantec System Center agent (SSC-AGENT)]
3000,[T:Y] [U:] [S:N] [D:Cloud9 IDE server]
,[T:Y] [U:] [S:N] [D:Ruby on Rails development default]
,[T:Y] [U:] [S:N] [D:Meteor development default[not in citation given]]
,"[T:Y] [U:Yes] [S:N] [D:Resilio Sync, spun from BitTorrent Sync.]"
,[T:] [U:Yes] [S:N] [D:Distributed Interactive Simulation (DIS)]
3004,[T:Y] [U:] [S:N] [D:iSync]
3020,"[T:Y] [U:Yes] [S:Y] [D:Common Internet File System (CIFS). See also port 445 for Server Message Block (SMB), a dialect of CIFS.]"
3050,[T:Y] [U:Yes] [S:Y] [D:gds-db (Interbase/Firebird databases)]
3052,[T:Y] [U:Yes] [S:Y] [D:APC PowerChute Network]
3074,[T:Y] [U:Yes] [S:Y] [D:Xbox LIVE and Games for Windows – Live]
3101,[T:Y] [U:] [S:N] [D:BlackBerry Enterprise Server communication protocol]
3128,[T:Y] [U:?] [S:N] [D:Squid caching web proxy]
3225,[T:Y] [U:Yes] [S:Y] [D:Fibre Channel over IP (FCIP)]
3233,[T:Y] [U:Yes] [S:Y] [D:WhiskerControl research control protocol]
3260,[T:Y] [U:Yes] [S:Y] [D:iSCSI]
3268,"[T:Y] [U:Yes] [S:Y] [D:msft-gc, Microsoft Global Catalog (LDAP service which contains data from Active Directory forests)]"
3269,"[T:Y] [U:Yes] [S:Y] [D:msft-gc-ssl, Microsoft Global Catalog over SSL (similar to port 3268, LDAP over SSL)]"
3283,"[T:Y] [U:Yes] [S:Y] [D:Net Assistant, a predecessor to Apple Remote Desktop]"
,[T:Y] [U:Yes] [S:N] [D:Apple Remote Desktop 2.0 or later]
3290,[T:] [U:Yes] [S:N] [D:Virtual Air Traffic Simulation (VATSIM) network voice communication]
3305,[T:Y] [U:Yes] [S:Y] [D:Odette File Transfer Protocol (OFTP)]
3306,[T:Y] [U:Ass] [S:Y] [D:MySQL database system]
3313,[T:Y] [U:] [S:N] [D:Verisys file integrity monitoring software]
3316,[T:Y] [U:] [S:N] [D:AzimuthVMS database port for the CCTV recording software AzimuthVMS]
3323,[T:Y] [U:Yes] [S:N] [D:DECE GEODI Server]
3332,[T:] [U:Yes] [S:N] [D:Thundercloud DataPath Overlay Control]
3333,"[T:Y] [U:] [S:N] [D:Eggdrop, an IRC bot default port]"
,[T:Y] [U:] [S:N] [D:Network Caller ID server]
,[T:Y] [U:] [S:N] [D:CruiseControl.rb]
3351,[T:?] [U:?] [S:N] [D:Pervasive PSQL]
3386,[T:Y] [U:Yes] [S:Y] [D:GTP' 3GPP GSM/UMTS CDR logging protocol]
3389,[T:Y] [U:Yes] [S:Y] [D:Microsoft Terminal Server (RDP) officially registered as Windows Based Terminal (WBT)]
3396,[T:Y] [U:Yes] [S:Y] [D:Novell NDPS Printer Agent]
3412,[T:Y] [U:Yes] [S:Y] [D:xmlBlaster]
3455,[T:Y] [U:Yes] [S:Y] [D:Resource Reservation Protocol (RSVP)]
3423,[T:Y] [U:] [S:Y] [D:Xware xTrm Communication Protocol]
3424,[T:Y] [U:] [S:Y] [D:Xware xTrm Communication Protocol over SSL]
3478,"[T:Y] [U:Yes] [S:Y] [D:STUN, a protocol for NAT traversal]"
,"[T:Y] [U:Yes] [S:Y] [D:TURN, a protocol for NAT traversal (extension to STUN)]"
,[T:Y] [U:Yes] [S:Y] [D:STUN Behavior Discovery. See also port 5349.]
3479,[T:Y] [U:Yes] [S:N] [D:PlayStation Network]
3480,[T:Y] [U:Yes] [S:N] [D:PlayStation Network]
3483,[T:] [U:Yes] [S:Y] [D:Slim Devices discovery protocol]
,[T:Y] [U:] [S:Y] [D:Slim Devices SlimProto protocol]
3493,[T:Y] [U:Yes] [S:Y] [D:Network UPS Tools (NUT)]
3516,[T:Y] [U:Yes] [S:Y] [D:Smartcard Port]
3527,[T:] [U:Yes] [S:Y] [D:Microsoft Message Queuing]
3535,[T:Y] [U:] [S:N] [D:SMTP alternate]
3544,[T:] [U:Yes] [S:Y] [D:Teredo tunneling]
3632,"[T:Y] [U:Ass] [S:Y] [D:Distcc, distributed compiler]"
3645,[T:Y] [U:Yes] [S:Y] [D:Cyc]
3659,"[T:Y] [U:Yes] [S:Y] [D:Apple SASL, used by Mac OS X Server Password Server]"
,[T:] [U:Yes] [S:N] [D:Battlefield 4]
3667,[T:Y] [U:Yes] [S:Y] [D:Information Exchange]
3689,"[T:Y] [U:Ass] [S:Y] [D:Digital Audio Access Protocol (DAAP), used by Apple's iTunes and AirPlay]"
3690,[T:Y] [U:Yes] [S:Y] [D:Subversion (SVN) version control system]
3702,"[T:Y] [U:Yes] [S:Y] [D:Web Services Dynamic Discovery (WS-Discovery), used by various components of Windows Vista and later]"
3724,[T:Y] [U:Yes] [S:Y] [D:Some Blizzard games]
,[T:Y] [U:] [S:N] [D:Club Penguin Disney online game for kids]
3725,[T:Y] [U:Yes] [S:Y] [D:Netia NA-ER Port]
3768,[T:Y] [U:Yes] [S:Y] [D:RBLcheckd server daemon]
3784,[T:] [U:Yes] [S:Y] [D:Bidirectional Forwarding Detection (BFD)for IPv4 and IPv6 (Single Hop) (RFC 5881)]
3785,[T:] [U:Yes] [S:N] [D:VoIP program used by Ventrilo]
3799,[T:] [U:Yes] [S:Y] [D:RADIUS change of authorization]
3804,[T:Y] [U:Yes] [S:Y] [D:Harman Professional HiQnet protocol]
3825,[T:Y] [U:] [S:N] [D:RedSeal Networks client/server connection]
3826,[T:Y] [U:Yes] [S:Y] [D:WarMUX game server]
,[T:Y] [U:] [S:N] [D:RedSeal Networks client/server connection]
3835,[T:Y] [U:] [S:N] [D:RedSeal Networks client/server connection]
3830,"[T:Y] [U:Yes] [S:Y] [D:System Management Agent, developed and used by Cerner to monitor and manage solutions]"
3856,[T:Y] [U:Yes] [S:N] [D:ERP Server Application used by F10 Software]
3880,[T:Y] [U:Yes] [S:Y] [D:IGRS]
3868,[T:Y] [U:] [S:Y] [D:Diameter base protocol (RFC 3588)]
3872,[T:Y] [U:] [S:Y] [D:Oracle Enterprise Manager Remote Agent]
3900,"[T:Y] [U:] [S:Y] [D:udt_os, IBM UniData UDT OS]"
3960,[T:] [U:Yes] [S:N] [D:Warframe online interaction]
3962,[T:] [U:Yes] [S:N] [D:Warframe online interaction]
3978,[T:Y] [U:Yes] [S:N] [D:OpenTTD game (masterserver and content service)]
3979,[T:Y] [U:Yes] [S:N] [D:OpenTTD game]
3999,[T:Y] [U:Yes] [S:Y] [D:Norman distributed scanning service]
4000,[T:Y] [U:Yes] [S:N] [D:Diablo II game]
4001,[T:Y] [U:] [S:N] [D:Microsoft Ants game]
,[T:Y] [U:] [S:N] [D:CoreOS etcd client communication]
4018,[T:Y] [U:Yes] [S:Y] [D:Protocol information and warnings[clarification needed]]
4035,[T:Y] [U:] [S:N] [D:IBM Rational Developer for System z Remote System Explorer Daemon]
4045,[T:Y] [U:Yes] [S:N] [D:Solaris lockd NFS lock daemon/manager]
4050,[T:Y] [U:] [S:N] [D:Mud Master Chat protocol (MMCP) - Peer-to-peer communications between MUD clients.]
4069,[T:] [U:Yes] [S:Y] [D:Minger Email Address Verification Protocol]
4089,[T:Y] [U:Yes] [S:Y] [D:OpenCORE Remote Control Service]
4090,[T:Y] [U:Yes] [S:Y] [D:Kerio]
4093,[T:Y] [U:Yes] [S:Y] [D:PxPlus Client server interface ProvideX]
4096,[T:Y] [U:Yes] [S:Y] [D:Ascom Timeplex Bridge Relay Element (BRE)]
4105,[T:Y] [U:Yes] [S:Y] [D:Shofar (ShofarNexus)]
4111,[T:Y] [U:Ass] [S:Y] [D:Xgrid]
4116,[T:Y] [U:Yes] [S:Y] [D:Smartcard-TLS]
4125,[T:Y] [U:] [S:N] [D:Microsoft Remote Web Workplace administration]
4172,[T:Y] [U:Yes] [S:Y] [D:Teradici PCoIP]
4190,[T:Y] [U:] [S:Y] [D:ManageSieve]
4198,[T:Y] [U:Yes] [S:N] [D:Couch Potato Android app]
4201,[T:Y] [U:] [S:N] [D:TinyMUD and various derivatives]
4222,[T:Y] [U:] [S:N] [D:NATS server default port]
4226,"[T:Y] [U:Yes] [S:N] [D:Aleph One, a computer game]"
4242,[T:Y] [U:] [S:N] [D:Orthanc – DICOM server]
,[T:Y] [U:] [S:N] [D:Quassel distributed IRC client]
4243,"[T:Y] [U:] [S:N] [D:Docker implementations, redistributions, and setups default[needs update?]]"
,[T:Y] [U:] [S:N] [D:CrashPlan]
4244,[T:Y] [U:Yes] [S:N] [D:Viber]
4303,[T:Y] [U:Yes] [S:Y] [D:Simple Railroad Command Protocol (SRCP)]
4307,[T:Y] [U:] [S:Y] [D:TrueConf Client - TrueConf Server media data exchange]
4321,[T:Y] [U:] [S:Y] [D:Referral Whois (RWhois) Protocol]
4444,[T:Y] [U:Yes] [S:N] [D:Oracle WebCenter Content: Content Server—Intradoc Socket port. (formerly known as Oracle Universal Content Management).]
,[T:?] [U:?] [S:N] [D:Metasploit's default listener port]
,[T:Y] [U:Yes] [S:N] [D:Xvfb X server virtual frame buffer service]
4444-4445,[T:Y] [U:] [S:N] [D:I2P HTTP/S proxy]
4486,[T:Y] [U:Yes] [S:Y] [D:Integrated Client Message Service (ICMS)]
4488,"[T:Y] [U:Ass] [S:Y] [D:Apple Wide Area Connectivity Service, used by Back to My Mac]"
4500,"[T:Ass] [U:Yes] [S:Y] [D:IPSec NAT Traversal (RFC 3947, RFC 4306)]"
4502-4534,[T:Y] [U:] [S:Y] [D:Microsoft Silverlight connectable ports under non-elevated trust]
4505-4506,[T:Y] [U:] [S:N] [D:Salt master]
4534,[T:] [U:Yes] [S:N] [D:Armagetron Advanced server default]
4560,[T:Y] [U:] [S:N] [D:default Log4j socketappender port]
4567,[T:Y] [U:] [S:N] [D:Sinatra default server port in development mode (HTTP)]
4569,[T:] [U:Yes] [S:Y] [D:Inter-Asterisk eXchange (IAX2)]
4604,[T:Y] [U:] [S:Y] [D:Identity Registration Protocol]
4605,[T:Y] [U:] [S:Y] [D:Direct End to End Secure Chat Protocol]
4610-4640,[T:Y] [U:] [S:N] [D:QualiSystems TestShell Suite Services]
4662,[T:Y] [U:Yes] [S:Y] [D:OrbitNet Message Service]
,[T:Y] [U:] [S:N] [D:Default for older versions of eMule]
4664,[T:Y] [U:] [S:N] [D:Google Desktop Search]
4672,[T:] [U:Yes] [S:N] [D:Default for older versions of eMule]
4711,[T:Y] [U:] [S:N] [D:eMule optional web interface]
4713,[T:Y] [U:] [S:N] [D:PulseAudio sound server]
4728,[T:Y] [U:] [S:Y] [D:Computer Associates Desktop and Server Management (DMP)/Port Multiplexer]
4730,[T:Y] [U:Yes] [S:Y] [D:Gearman's job server]
4739,[T:Y] [U:Yes] [S:Y] [D:IP Flow Information Export]
4747,[T:Y] [U:] [S:N] [D:Apprentice]
4750,[T:Y] [U:] [S:N] [D:BladeLogic Agent]
4753,[T:Y] [U:Yes] [S:Y] [D:SIMON (service and discovery)]
4789,[T:] [U:Yes] [S:Y] [D:Virtual eXtensible Local Area Network (VXLAN)]
4840,[T:Y] [U:Yes] [S:Y] [D:OPC UA Connection Protocol (TCP) and OPC UA Multicast Datagram Protocol (UDP) for OPC Unified Architecture from OPC Foundation]
4843,[T:Y] [U:Yes] [S:Y] [D:OPC UA TCP Protocol over TLS/SSL for OPC Unified Architecture from OPC Foundation]
4847,"[T:Y] [U:Yes] [S:Y] [D:Web Fresh Communication, Quadrion Software & Odorless Entertainment]"
4848,"[T:Y] [U:] [S:N] [D:Java, Glassfish Application Server administration default]"
4894,[T:Y] [U:Yes] [S:Y] [D:LysKOM Protocol A]
4949,[T:Y] [U:] [S:Y] [D:Munin Resource Monitoring Tool]
4950,[T:Y] [U:Yes] [S:Y] [D:Cylon Controls UC32 Communications Port]
5000,[T:Y] [U:] [S:N] [D:UPnP—Windows network device interoperability]
,"[T:Y] [U:Yes] [S:N] [D:VTun, VPN Software]"
,[T:] [U:Yes] [S:N] [D:FlightGear multiplayer]
,"[T:Y] [U:] [S:N] [D:Synology Inc. Management Console, File Station, Audio Station]"
,[T:Y] [U:] [S:N] [D:Flask Development Webserver]
,[T:Y] [U:] [S:Y] [D:Heroku console access]
,"[T:Y] [U:] [S:N] [D:AT&T U-verse public, educational, and government access (PEG) streaming over HTTP]"
5000-5500,"[T:N] [U:Yes] [S:N] [D:League of Legends, a multiplayer online battle arena video game]"
5001,[T:Y] [U:] [S:N] [D:Slingbox and Slingplayer]
,[T:Y] [U:Yes] [S:N] [D:Iperf (Tool for measuring TCP and UDP bandwidth performance)]
,"[T:Y] [U:] [S:N] [D:Synology Inc. Secured Management Console, File Station, Audio Station]"
5002,[T:Y] [U:] [S:N] [D:ASSA ARX access control system]
5003,[T:Y] [U:Ass] [S:Y] [D:FileMaker – name binding and transport]
5004,"[T:Yes, and DCCP] [U:Yes] [S:Y] [D:Real-time Transport Protocol media data (RTP) (RFC 3551, RFC 4571)]"
5005,"[T:Yes, and DCCP] [U:Yes] [S:Y] [D:Real-time Transport Protocol control protocol (RTCP) (RFC 3551, RFC 4571)]"
5010,"[T:Y] [U:Yes] [S:Y] [D:Registered to: TelePath (the IBM FlowMark workflow-management system messaging platform)
The TCP port is now used for: IBM WebSphere MQ Workflow]"
5011,[T:Y] [U:Yes] [S:Y] [D:TelePath (the IBM FlowMark workflow-management system messaging platform)]
5025,[T:Y] [U:Yes] [S:Y] [D:scpi-raw Standard Commands for Programmable Instruments]
5031,[T:Y] [U:Yes] [S:N] [D:AVM CAPI-over-TCP (ISDN over Ethernet tunneling)]
5037,[T:Y] [U:] [S:N] [D:Android ADB server]
5048,[T:Y] [U:] [S:Y] [D:Texai Message Service]
5050,[T:Y] [U:] [S:N] [D:Yahoo! Messenger]
5051,[T:Y] [U:] [S:Y] [D:ita-agent Symantec Intruder Alert]
5060,[T:Y] [U:Yes] [S:Y] [D:Session Initiation Protocol (SIP)]
5061,[T:Y] [U:] [S:Y] [D:Session Initiation Protocol (SIP) over TLS]
5062,[T:Y] [U:Yes] [S:Y] [D:Localisation access]
5064,[T:Y] [U:Yes] [S:Y] [D:EPICS Channel Access server]
5065,[T:Ass] [U:Yes] [S:Y] [D:EPICS Channel Access repeater beacon]
5070,[T:Y] [U:N] [S:N] [D:Binary Floor Control Protocol (BFCP)]
5084,[T:Y] [U:Yes] [S:Y] [D:EPCglobal Low Level Reader Protocol (LLRP)]
5085,[T:Y] [U:Yes] [S:Y] [D:EPCglobal Low Level Reader Protocol (LLRP) over TLS]
5093,"[T:] [U:Yes] [S:Y] [D:SafeNet, Inc Sentinel LM, Sentinel RMS, License Manager, client-to-server]"
5099,"[T:Y] [U:Yes] [S:Y] [D:SafeNet, Inc Sentinel LM, Sentinel RMS, License Manager, server-to-server]"
5104,[T:Y] [U:] [S:N] [D:IBM Tivoli Framework NetCOOL/Impact HTTP Service]
5121,[T:Y] [U:] [S:N] [D:Neverwinter Nights]
5124,[T:Y] [U:Yes] [S:N] [D:TorgaNET (Micronational Darknet)]
5125,[T:Y] [U:Yes] [S:N] [D:TorgaNET (Micronational Intelligence Darknet)]
5150,[T:Y] [U:Yes] [S:Y] [D:ATMP Ascend Tunnel Management Protocol]
5151,[T:Y] [U:] [S:Y] [D:ESRI SDE Instance]
,[T:] [U:Yes] [S:Y] [D:ESRI SDE Remote Start]
5154,[T:Y] [U:Yes] [S:Y] [D:BZFlag]
5172,[T:Y] [U:] [S:Y] [D:PC over IP Endpoint Management]
5190,[T:Y] [U:Yes] [S:Y] [D:AOL Instant Messenger protocol. The chat app is defunct as of 15 December 2017.]
5198,[T:] [U:Yes] [S:N] [D:EchoLink VoIP Amateur Radio Software (Voice)]
5199,[T:] [U:Yes] [S:N] [D:EchoLink VoIP Amateur Radio Software (Voice)]
5200,[T:Y] [U:] [S:N] [D:EchoLink VoIP Amateur Radio Software (Information)]
5201,[T:Y] [U:Yes] [S:N] [D:Iperf3 (Tool for measuring TCP and UDP bandwidth performance)]
5222,[T:Y] [U:Res] [S:Y] [D:Extensible Messaging and Presence Protocol (XMPP) client connection]
5223,[T:Y] [U:] [S:N] [D:Apple Push Notification Service]
,[T:Y] [U:] [S:N] [D:Extensible Messaging and Presence Protocol (XMPP) client connection over SSL]
5228,[T:Y] [U:] [S:Y] [D:HP Virtual Room Service]
,"[T:Y] [U:] [S:N] [D:Google Play, Android Cloud to Device Messaging Service, Google Cloud Messaging]"
5242,[T:Y] [U:Yes] [S:N] [D:Viber]
5243,[T:Y] [U:Yes] [S:N] [D:Viber]
5246,[T:] [U:Yes] [S:Y] [D:Control And Provisioning of Wireless Access Points (CAPWAP) CAPWAP control]
5247,[T:] [U:Yes] [S:Y] [D:Control And Provisioning of Wireless Access Points (CAPWAP) CAPWAP data]
5269,[T:Y] [U:] [S:Y] [D:Extensible Messaging and Presence Protocol (XMPP) server-to-server connection]
5280,[T:Y] [U:] [S:Y] [D:Extensible Messaging and Presence Protocol (XMPP)]
5281,[T:Y] [U:] [S:N] [D:Extensible Messaging and Presence Protocol (XMPP)]
5298,[T:Y] [U:Yes] [S:Y] [D:Extensible Messaging and Presence Protocol (XMPP)]
5310,"[T:Ass] [U:Yes] [S:Y] [D:Outlaws, a 1997 first-person shooter video game]"
5318,[T:Y] [U:Res] [S:Y] [D:Certificate Management over CMS]
5349,"[T:Yes/No] [U:Yes/No] [S:Y] [D:STUN over TLS/DTLS, a protocol for NAT traversal]"
,"[T:Yes/No] [U:Yes/No] [S:Y] [D:TURN over TLS/DTLS, a protocol for NAT traversal]"
,[T:Y] [U:Res] [S:Y] [D:STUN Behavior Discovery over TLS. See also port 3478.]
5351,[T:Res] [U:Yes] [S:Y] [D:NAT Port Mapping Protocol and Port Control Protocol—client-requested configuration for connections through network address translators and firewalls]
5353,[T:Ass] [U:Yes] [S:Y] [D:Multicast DNS (mDNS)]
5355,"[T:Y] [U:Yes] [S:Y] [D:Link-Local Multicast Name Resolution (LLMNR), allows hosts to perform name resolution for hosts on the same local link (only provided by Windows Vista and Server 2008)]"
5357,"[T:Y] [U:Yes] [S:N] [D:Web Services for Devices (WSDAPI) (only provided by Windows Vista, Windows 7 and Server 2008)]"
5358,"[T:Y] [U:Yes] [S:N] [D:WSDAPI Applications to Use a Secure Channel (only provided by Windows Vista, Windows 7 and Server 2008)]"
5394,"[T:] [U:Yes] [S:N] [D:Kega Fusion, a Sega multi-console emulator]"
5402,[T:Y] [U:Yes] [S:Y] [D:Multicast File Transfer Protocol (MFTP)]
5405,[T:Y] [U:Yes] [S:Y] [D:NetSupport Manager]
5412,[T:Y] [U:Yes] [S:Y] [D:IBM Rational Synergy (Telelogic Synergy) (Continuus CM) Message Router]
5413,[T:Y] [U:Yes] [S:Y] [D:Wonderware SuiteLink service]
5417,[T:Y] [U:Yes] [S:Y] [D:SNS Agent]
5421,[T:Y] [U:Yes] [S:Y] [D:NetSupport Manager]
5432,[T:Y] [U:Ass] [S:Y] [D:PostgreSQL database system]
5433,[T:Y] [U:] [S:N] [D:Bouwsoft file/webserver]
5445,[T:] [U:Yes] [S:N] [D:Cisco Unified Video Advantage]
5480,[T:Y] [U:] [S:N] [D:VMware VAMI (Virtual Appliance Management Infrastructure)—used for initial setup of various administration settings on Virtual Appliances designed using the VAMI architecture.]
5481,[T:Y] [U:] [S:N] [D:Schneider Electric's ClearSCADA (SCADA implementation for Windows) — used for client-to-server communication.]
5495,[T:Y] [U:] [S:N] [D:IBM Cognos TM1 Admin server]
5498,[T:Y] [U:] [S:N] [D:Hotline tracker server connection]
5499,[T:] [U:Yes] [S:N] [D:Hotline tracker server discovery]
5500,[T:Y] [U:] [S:N] [D:Hotline control connection]
,[T:Y] [U:] [S:N] [D:VNC Remote Frame Buffer RFB protocol—for incoming listening viewer]
5501,[T:Y] [U:] [S:N] [D:Hotline file transfer connection]
5517,[T:Y] [U:] [S:N] [D:Setiqueue Proxy server client for SETI@Home project]
5550,[T:Y] [U:] [S:N] [D:Hewlett-Packard Data Protector]
5554,[T:Y] [U:Yes] [S:N] [D:Fastboot default wireless port]
5555,[T:Y] [U:Yes] [S:N] [D:Oracle WebCenter Content: Inbound Refinery—Intradoc Socket port. (formerly known as Oracle Universal Content Management). Port though often changed during installation]
,"[T:Y] [U:] [S:N] [D:Freeciv versions up to 2.0, Hewlett-Packard Data Protector, McAfee EndPoint Encryption Database Server, SAP, Default for Microsoft Dynamics CRM 4.0, Softether VPN default port]"
5556,"[T:Y] [U:Yes] [S:Y] [D:Freeciv, Oracle WebLogic Server Node Manager]"
5568,"[T:Y] [U:Yes] [S:Y] [D:Session Data Transport (SDT), a part of Architecture for Control Networks (ACN)[full citation needed]]"
5601,[T:Y] [U:] [S:N] [D:Kibana]
5631,"[T:Y] [U:] [S:Y] [D:pcANYWHEREdata, Symantec pcAnywhere (version 7.52 and later) data]"
5632,"[T:] [U:Yes] [S:Y] [D:pcANYWHEREstat, Symantec pcAnywhere (version 7.52 and later) status]"
5656,[T:Y] [U:] [S:N] [D:IBM Lotus Sametime p2p file transfer]
5666,[T:Y] [U:] [S:N] [D:NRPE (Nagios)]
5667,[T:Y] [U:] [S:N] [D:NSCA (Nagios)]
5670,[T:Y] [U:] [S:Y] [D:FILEMQ ZeroMQ File Message Queuing Protocol]
,[T:] [U:Yes] [S:Y] [D:ZRE-DISC ZeroMQ Realtime Exchange Protocol (Discovery)]
5671,[T:Y] [U:Ass] [S:Y] [D:Advanced Message Queuing Protocol (AMQP) over TLS]
5672,[T:Y] [U:Ass] [S:Y] [D:Advanced Message Queuing Protocol (AMQP)]
5678,[T:] [U:Yes] [S:N] [D:Mikrotik RouterOS Neighbor Discovery Protocol (MNDP)]
5683,[T:] [U:Yes] [S:Y] [D:Constrained Application Protocol (CoAP)]
5701,[T:Y] [U:] [S:N] [D:Hazelcast default communication port]
5722,"[T:Y] [U:Yes] [S:Y] [D:Microsoft RPC, DFSR (SYSVOL) Replication Service]"
5718,[T:Y] [U:] [S:N] [D:Microsoft DPM Data Channel (with the agent coordinator)]
5719,[T:Y] [U:] [S:N] [D:Microsoft DPM Data Channel (with the protection agent)]
5723,[T:Y] [U:] [S:N] [D:System Center Operations Manager]
5724,[T:Y] [U:] [S:N] [D:Operations Manager Console]
5741,[T:Y] [U:Yes] [S:Y] [D:IDA Discover Port 1]
5742,[T:Y] [U:Yes] [S:Y] [D:IDA Discover Port 2]
5800,[T:Y] [U:] [S:N] [D:VNC Remote Frame Buffer RFB protocol over HTTP]
,[T:Y] [U:] [S:N] [D:ProjectWise Server]
5900,[T:Y] [U:Yes] [S:Y] [D:Remote Frame Buffer protocol (RFB)]
,[T:Y] [U:] [S:N] [D:Virtual Network Computing (VNC) Remote Frame Buffer RFB protocol]
5931,[T:Y] [U:Yes] [S:Y] [D:AMMYY admin Remote Control]
5938,[T:Y] [U:Yes] [S:N] [D:TeamViewer remote desktop protocol]
5984,[T:Y] [U:Yes] [S:Y] [D:CouchDB database server]
5985,[T:Y] [U:] [S:Y] [D:Windows PowerShell Default psSession Port]
5986,[T:Y] [U:] [S:Y] [D:Windows PowerShell Default psSession Port]
5988-5989,[T:Y] [U:] [S:Y] [D:CIM-XML (DMTF Protocol)]
6000-6063,[T:Y] [U:Yes] [S:Y] [D:X11—used between an X client and server over the network]
6005,[T:Y] [U:] [S:N] [D:Default for BMC Software Control-M/Server—Socket used for communication between Control-M processes—though often changed during installation]
,[T:Y] [U:] [S:N] [D:Default for Camfrog chat & cam client]
6009,[T:Y] [U:] [S:N] [D:JD Edwards EnterpriseOne ERP system JDENet messaging client listener]
6050,[T:Y] [U:] [S:N] [D:Arcserve backup]
6051,[T:Y] [U:] [S:N] [D:Arcserve backup]
6086,"[T:Y] [U:] [S:Y] [D:Peer Distributed Transfer Protocol (PDTP), FTP like file server in a P2P network]"
6100,[T:Y] [U:] [S:N] [D:Vizrt System]
6100,[T:Y] [U:] [S:N] [D:Ventrilo authentication for version 3]
6101,[T:Y] [U:] [S:N] [D:Backup Exec Agent Browser]
6110,"[T:Y] [U:Yes] [S:Y] [D:softcm, HP Softbench CM]"
6111,"[T:Y] [U:Yes] [S:Y] [D:spc, HP Softbench Sub-Process Control]"
6112,"[T:Y] [U:Yes] [S:Y] [D:dtspcd, execute commands and launch applications remotely]"
6112,"[T:Y] [U:Yes] [S:N] [D:Blizzard's Battle.net gaming service and some games, ArenaNet gaming service, Relic gaming service]"
6112,[T:Y] [U:] [S:N] [D:Club Penguin Disney online game for kids]
6113,"[T:Y] [U:] [S:N] [D:Club Penguin Disney online game for kids, Used by some Blizzard games]"
6136,[T:Y] [U:] [S:N] [D:ObjectDB database server]
6159,[T:Y] [U:] [S:Y] [D:ARINC 840 EFB Application Control Interface]
6200,[T:Y] [U:] [S:N] [D:Oracle WebCenter Content Portable: Content Server (With Native UI) and Inbound Refinery]
6201,[T:Y] [U:] [S:N] [D:Oracle WebCenter Content Portable: Admin]
6225,[T:Y] [U:] [S:N] [D:Oracle WebCenter Content Portable: Content Server Web UI]
6227,[T:Y] [U:] [S:N] [D:Oracle WebCenter Content Portable: JavaDB]
6240,[T:Y] [U:] [S:N] [D:Oracle WebCenter Content Portable: Capture]
6244,[T:Y] [U:Yes] [S:N] [D:Oracle WebCenter Content Portable: Content Server—Intradoc Socket port]
6255,[T:Y] [U:Yes] [S:N] [D:Oracle WebCenter Content Portable: Inbound Refinery—Intradoc Socket port]
6257,[T:] [U:Yes] [S:N] [D:WinMX (see also 6699)]
6260,[T:Y] [U:Yes] [S:N] [D:planet M.U.L.E.]
6262,[T:Y] [U:] [S:N] [D:Sybase Advantage Database Server]
6343,"[T:] [U:Yes] [S:Y] [D:SFlow, sFlow traffic monitoring]"
6346,"[T:Y] [U:Yes] [S:Y] [D:gnutella-svc, gnutella (FrostWire, Limewire, Shareaza, etc.)]"
6347,"[T:Y] [U:Yes] [S:Y] [D:gnutella-rtr, Gnutella alternate]"
6350,[T:Y] [U:Yes] [S:Y] [D:App Discovery and Access Protocol]
6379,[T:Y] [U:] [S:Y] [D:Redis key-value data store]
6389,[T:Y] [U:] [S:N] [D:EMC CLARiiON]
6432,[T:Y] [U:] [S:Y] [D:PgBouncer—A connection pooler for PostgreSQL]
6436,[T:Y] [U:] [S:N] [D:Leap Motion Websocket Server TLS]
6437,[T:Y] [U:] [S:N] [D:Leap Motion Websocket Server]
6444,[T:Y] [U:Yes] [S:Y] [D:Sun Grid Engine Qmaster Service]
6445,[T:Y] [U:Yes] [S:Y] [D:Sun Grid Engine Execution Service]
6463-6472,[T:Y] [U:] [S:N] [D:Discord RPC]
6464,[T:Y] [U:Yes] [S:Y] [D:Port assignment for medical device communication in accordance to IEEE 11073-20701]
6502,[T:Y] [U:Yes] [S:N] [D:Netop Remote Control]
6513,[T:Y] [U:] [S:Y] [D:NETCONF over TLS]
6514,[T:Y] [U:] [S:Y] [D:Syslog over TLS]
6515,[T:Y] [U:Yes] [S:Y] [D:Elipse RPC Protocol (REC)]
6543,[T:Y] [U:] [S:N] [D:Pylons project#Pyramid Default Pylons Pyramid web service port]
6556,[T:Y] [U:] [S:N] [D:Check MK Agent]
6566,[T:Y] [U:] [S:Y] [D:SANE (Scanner Access Now Easy)—SANE network scanner daemon]
6560-6561,[T:Y] [U:] [S:N] [D:Speech-Dispatcher daemon]
6571,[T:] [U:] [S:N] [D:Windows Live FolderShare client]
6600,[T:Y] [U:] [S:Y] [D:Microsoft Hyper-V Live]
,[T:Y] [U:] [S:N] [D:Music Player Daemon (MPD)]
6601,[T:Y] [U:] [S:Y] [D:Microsoft Forefront Threat Management Gateway]
6602,[T:Y] [U:] [S:Y] [D:Microsoft Windows WSS Communication]
6619,"[T:Y] [U:Yes] [S:Y] [D:odette-ftps, Odette File Transfer Protocol (OFTP) over TLS/SSL]"
6622,[T:Y] [U:Yes] [S:Y] [D:Multicast FTP]
6653,[T:Y] [U:Ass] [S:Y] [D:OpenFlow]
6660-6664,[T:Y] [U:] [S:N] [D:Internet Relay Chat (IRC)]
6665-6669,[T:Y] [U:] [S:Y] [D:Internet Relay Chat (IRC)]
6679,[T:Y] [U:Yes] [S:Y] [D:Osorno Automation Protocol (OSAUT)]
,[T:Y] [U:] [S:N] [D:IRC SSL (Secure Internet Relay Chat)—often used]
6690,[T:Y] [U:] [S:N] [D:Synology Cloud station]
6697,[T:Y] [U:] [S:Y] [D:IRC SSL (Secure Internet Relay Chat)—often used]
6699,[T:Y] [U:] [S:N] [D:WinMX (see also 6257)]
6715,[T:Y] [U:] [S:N] [D:AberMUD and derivatives default port]
6771,[T:] [U:Yes] [S:N] [D:BitTorrent Local Peer Discovery]
6783-6785,[T:Y] [U:] [S:N] [D:Splashtop Remote server broadcast]
6789,[T:Y] [U:] [S:N] [D:Campbell Scientific Loggernet Software]
,[T:Y] [U:] [S:N] [D:Bucky's Instant Messaging Program]
6869,[T:Y] [U:] [S:N] [D:Derandom default server]
6881-6887,[T:Y] [U:Yes] [S:N] [D:BitTorrent part of full range of ports used most often]
6888,[T:Y] [U:Yes] [S:Y] [D:MUSE]
,[T:Y] [U:Yes] [S:N] [D:BitTorrent part of full range of ports used most often]
6889-6890,[T:Y] [U:Yes] [S:N] [D:BitTorrent part of full range of ports used most often]
6891-6900,[T:Y] [U:Yes] [S:N] [D:BitTorrent part of full range of ports used most often]
6891-6900,[T:Y] [U:Yes] [S:N] [D:Windows Live Messenger (File transfer)]
6901,[T:Y] [U:Yes] [S:N] [D:Windows Live Messenger (Voice)]
,[T:Y] [U:Yes] [S:N] [D:BitTorrent part of full range of ports used most often]
6902-6968,[T:Y] [U:Yes] [S:N] [D:BitTorrent part of full range of ports used most often]
6969,[T:Y] [U:Yes] [S:Y] [D:acmsoda]
,[T:Y] [U:] [S:N] [D:BitTorrent tracker]
6970-6999,[T:Y] [U:Yes] [S:N] [D:BitTorrent part of full range of ports used most often]
,[T:] [U:Yes] [S:N] [D:QuickTime Streaming Server]
7000,[T:Y] [U:] [S:N] [D:Default for Vuze's built-in HTTPS Bittorrent Tracker]
,[T:Y] [U:] [S:N] [D:Avira Server Management Console]
7001,[T:Y] [U:] [S:N] [D:Avira Server Management Console]
,"[T:Y] [U:] [S:N] [D:Default for BEA WebLogic Server's HTTP server, though often changed during installation]"
7002,"[T:Y] [U:] [S:N] [D:Default for BEA WebLogic Server's HTTPS server, though often changed during installation]"
7005,"[T:Y] [U:] [S:N] [D:Default for BMC Software Control-M/Server and Control-M/Agent for Agent-to-Server, though often changed during installation]"
7006,"[T:Y] [U:] [S:N] [D:Default for BMC Software Control-M/Server and Control-M/Agent for Server-to-Agent, though often changed during installation]"
7010,[T:Y] [U:] [S:N] [D:Default for Cisco AON AMC (AON Management Console)]
7022,[T:Y] [U:] [S:N] [D:Database mirroring endpoints]
7023,[T:] [U:Yes] [S:Y] [D:Bryan Wilcutt T2-NMCS Protocol for SatCom Modems]
7025,[T:Y] [U:] [S:N] [D:Zimbra LMTP [mailbox]—local mail delivery]
7047,[T:Y] [U:] [S:N] [D:Zimbra conversion server]
7070,"[T:Y] [U:Yes/No] [S:N] [D:Real Time Streaming Protocol (RTSP), used by QuickTime Streaming Server. TCP is used by default, UDP is used as an alternate.]"
7133,[T:Y] [U:] [S:N] [D:Enemy Territory: Quake Wars]
7144,[T:Y] [U:] [S:N] [D:Peercast]
7145,[T:Y] [U:] [S:N] [D:Peercast]
7171,[T:Y] [U:] [S:N] [D:Tibia]
7262,[T:Y] [U:Yes] [S:Y] [D:CNAP (Calypso Network Access Protocol)]
7272,[T:Y] [U:Yes] [S:Y] [D:WatchMe - WatchMe Monitoring]
7306,[T:Y] [U:] [S:N] [D:Zimbra mysql [mailbox]]
7307,[T:Y] [U:] [S:N] [D:Zimbra mysql [logger]]
7312,[T:] [U:Yes] [S:N] [D:Sibelius License Server]
7396,[T:Y] [U:] [S:N] [D:Web control interface for Folding@home v7.3.6 and later]
7400,[T:Y] [U:Yes] [S:Y] [D:RTPS (Real Time Publish Subscribe) DDS Discovery]
7401,[T:Y] [U:Yes] [S:Y] [D:RTPS (Real Time Publish Subscribe) DDS User-Traffic]
7402,[T:Y] [U:Yes] [S:Y] [D:RTPS (Real Time Publish Subscribe) DDS Meta-Traffic]
7471,[T:Y] [U:] [S:N] [D:Stateless Transport Tunneling (STT)]
7473,[T:Y] [U:] [S:Y] [D:Rise: The Vieneo Province]
7474,[T:Y] [U:] [S:Y] [D:Neo4J Server webadmin]
7478,[T:Y] [U:] [S:Y] [D:Default port used by Open iT Server.]
7542,[T:Y] [U:Yes] [S:Y] [D:Saratoga file transfer protocol]
7547,[T:Y] [U:Yes] [S:Y] [D:CPE WAN Management Protocol (CWMP) Technical Report 069]
7575,[T:] [U:Yes] [S:N] [D:Populous: The Beginning server]
7624,[T:Y] [U:Yes] [S:Y] [D:Instrument Neutral Distributed Interface]
7631,[T:Y] [U:] [S:Y] [D:ERLPhase]
7634,[T:Y] [U:] [S:N] [D:hddtemp—Utility to monitor hard drive temperature]
7652-7654,[T:Y] [U:] [S:N] [D:I2P anonymizing overlay network]
7655,[T:] [U:Yes] [S:N] [D:I2P SAM Bridge Socket API]
7656-7660,[T:Y] [U:] [S:N] [D:I2P anonymizing overlay network]
7670,[T:Y] [U:] [S:N] [D:BrettspielWelt BSW Boardgame Portal]
7687,[T:Y] [U:] [S:Y] [D:Bolt database connection]
7707-7708,[T:] [U:Yes] [S:N] [D:Killing Floor]
7717,[T:] [U:Yes] [S:N] [D:Killing Floor]
7777,[T:Y] [U:] [S:N] [D:iChat server file transfer proxy]
,[T:Y] [U:] [S:N] [D:Oracle Cluster File System 2]
,[T:Y] [U:] [S:N] [D:Windows backdoor program tini.exe default]
,[T:Y] [U:] [S:N] [D:Just Cause 2: Multiplayer Mod Server]
,[T:Y] [U:] [S:N] [D:Terraria default server]
,[T:] [U:Yes] [S:N] [D:San Andreas Multiplayer (SA-MP) default port server]
7777-7788,[T:Y] [U:Yes] [S:N] [D:Unreal Tournament series default server]
7831,[T:Y] [U:] [S:N] [D:Default used by Smartlaunch Internet Cafe Administration software]
7880,[T:Y] [U:Yes] [S:N] [D:PowerSchool Gradebook Server]
7890,[T:Y] [U:] [S:N] [D:Default that will be used by the iControl Internet Cafe Suite Administration software]
7915,[T:Y] [U:] [S:N] [D:Default for YSFlight server]
7935,"[T:Y] [U:] [S:N] [D:Fixed port used for Adobe Flash Debug Player to communicate with a debugger (Flash IDE, Flex Builder or fdb).]"
7946,[T:Y] [U:Yes] [S:N] [D:Docker Swarm communication among nodes]
7990,[T:Y] [U:] [S:N] [D:Atlassian Bitbucket (default port)]
8000,"[T:Y] [U:] [S:N] [D:Commonly used for Internet radio streams such as SHOUTcast, Icecastand iTunes Radio]"
,[T:?] [U:?] [S:N] [D:DynamoDB Local]
,[T:?] [U:?] [S:N] [D:Django Development Webserver]
8005,[T:Y] [U:] [S:N] [D:Tomcat remote shutdown]
8006,[T:Y] [U:] [S:N] [D:Quest AppAssure 5 API]
8007,[T:Y] [U:] [S:N] [D:Quest AppAssure 5 Engine]
8008,[T:Y] [U:Yes] [S:Y] [D:Alternative port for HTTP. See also ports 80 and 8080.]
,[T:Y] [U:] [S:N] [D:IBM HTTP Server administration default]
,"[T:Y] [U:] [S:N] [D:iCal, a calendar application by Apple]"
8009,[T:Y] [U:] [S:N] [D:Apache JServ Protocol (ajp13)]
8010,[T:Y] [U:] [S:N] [D:Buildbot Web status page]
8042,[T:?] [U:?] [S:N] [D:Orthanc – REST API over HTTP]
8069,[T:Y] [U:] [S:N] [D:OpenERP 5.0 XML-RPC protocol]
8070,[T:Y] [U:] [S:N] [D:OpenERP 5.0 NET-RPC protocol]
8074,[T:Y] [U:Yes] [S:Y] [D:Gadu-Gadu]
8075,[T:Y] [U:] [S:N] [D:Killing Floor web administration interface]
8080,[T:Y] [U:Yes] [S:Y] [D:Alternative port for HTTP. See also ports 80 and 8008.]
,[T:Y] [U:] [S:N] [D:Apache Tomcat]
,[T:Y] [U:] [S:N] [D:Atlassian JIRA applications]
8088,[T:Y] [U:] [S:N] [D:Asterisk management access via HTTP]
8089,[T:Y] [U:N] [S:N] [D:Splunk daemon management]
,[T:Y] [U:] [S:N] [D:Fritz!Box automatic TR-069 configuration]
8090,[T:?] [U:?] [S:N] [D:Atlassian Confluence]
,[T:Y] [U:] [S:N] [D:Coral Content Distribution Network (legacy; 80 and 8080 now supported)]
8091,[T:?] [U:?] [S:N] [D:CouchBase web administration]
8092,[T:?] [U:?] [S:N] [D:CouchBase API]
8111,[T:Y] [U:] [S:N] [D:JOSM Remote Control]
8112,[T:Y] [U:] [S:N] [D:PAC Pacifica Coin]
8116,[T:] [U:Yes] [S:N] [D:Check Point Cluster Control Protocol]
8118,[T:Y] [U:] [S:Y] [D:Privoxy—advertisement-filtering Web proxy]
8123,[T:Y] [U:] [S:Y] [D:Polipo Web proxy]
8139,[T:Y] [U:] [S:N] [D:Puppet (software) Client agent]
8140,[T:Y] [U:] [S:Y] [D:Puppet (software) Master server]
8172,[T:Y] [U:] [S:N] [D:Microsoft Remote Administration for IIS Manager]
8184,[T:Y] [U:] [S:N] [D:NCSA Brown Dog Data Access Proxy]
8194-8195,[T:?] [U:?] [S:Y] [D:Bloomberg Terminal]
8200,[T:Y] [U:] [S:N] [D:GoToMyPC]
,[T:Y] [U:] [S:N] [D:MiniDLNA media server Web Interface]
8222,[T:?] [U:?] [S:N] [D:VMware VI Web Access via HTTP]
8243,[T:Y] [U:Yes] [S:Y] [D:HTTPS listener for Apache Synapse]
8245,[T:Y] [U:] [S:N] [D:Dynamic DNS for at least No-IP and DyDNS]
8280,[T:Y] [U:Yes] [S:Y] [D:HTTP listener for Apache Synapse]
8281,[T:Y] [U:] [S:N] [D:HTTP Listener for Gatecraft Plugin]
8291,[T:Y] [U:] [S:N] [D:Winbox—Default on a MikroTik RouterOS for a Windows application used to administer MikroTik RouterOS]
8303,[T:] [U:Yes] [S:N] [D:Teeworlds Server]
8332,[T:Y] [U:] [S:N] [D:Bitcoin JSON-RPC server]
8333,[T:Y] [U:] [S:N] [D:Bitcoin]
,[T:?] [U:?] [S:N] [D:VMware VI Web Access via HTTPS]
8337,[T:Y] [U:] [S:N] [D:VisualSVN Distributed File System Service (VDFS)]
8384,[T:Y] [U:] [S:N] [D:Syncthing web GUI]
8388,[T:Y] [U:] [S:N] [D:Shadowsocks proxy server]
8443,[T:Y] [U:] [S:N] [D:SW Soft Plesk Control Panel]
,[T:Y] [U:] [S:N] [D:Apache Tomcat SSL]
,[T:Y] [U:] [S:N] [D:Promise WebPAM SSL]
,[T:Y] [U:] [S:N] [D:iCal over SSL]
8444,[T:Y] [U:] [S:N] [D:Bitmessage]
8484,[T:Y] [U:] [S:N] [D:MapleStory Login Server]
8500,[T:Y] [U:] [S:N] [D:Adobe ColdFusion built-in web server]
8530,[T:?] [U:?] [S:N] [D:Windows Server Update Services over HTTP[further explanation needed]]
8531,[T:?] [U:?] [S:N] [D:Windows Server Update Services over HTTPS[further explanation needed]]
8580,"[T:?] [U:?] [S:N] [D:Freegate, an Internet anonymizer and proxy tool]"
8629,[T:Y] [U:] [S:N] [D:Tibero database]
8642,[T:Y] [U:] [S:N] [D:Lotus Notes Traveler auto synchronization for Windows Mobile and Nokia devices]
8691,"[T:Y] [U:] [S:N] [D:Ultra Fractal, a fractal generation and rendering software application – distributed calculations over networked computers]"
8767,"[T:] [U:Yes] [S:N] [D:Voice channel of TeamSpeak 2, a proprietary Voice over IP protocol targeted at gamers]"
8834,"[T:?] [U:?] [S:N] [D:Nessus, a vulnerability scanner – remote XML-RPC web server]"
8840,"[T:?] [U:?] [S:N] [D:Opera Unite, an extensible framework for web applications]"
8880,"[T:Y] [U:] [S:Y] [D:Alternate port of CDDB (Compact Disc Database) protocol, used to look up audio CD (compact disc) information over the Internet. See also port 888.]"
,[T:?] [U:?] [S:N] [D:IBM WebSphere Application Server SOAP connector]
8883,[T:Y] [U:Yes] [S:Y] [D:Secure MQTT (MQTT over TLS)]
8887,[T:?] [U:?] [S:N] [D:HyperVM over HTTP]
8888,[T:?] [U:?] [S:N] [D:HyperVM over HTTPS]
,[T:?] [U:Yes] [S:N] [D:Freenet web UI (localhost only)]
,[T:?] [U:?] [S:N] [D:Default for IPython / Jupyter notebook dashboards]
,[T:?] [U:?] [S:N] [D:MAMP]
8889,[T:?] [U:?] [S:N] [D:MAMP]
8983,[T:?] [U:?] [S:N] [D:Apache Solr]
8997,[T:?] [U:?] [S:N] [D:Alternate port for I2P Monotone Proxy]
8998,[T:?] [U:?] [S:N] [D:I2P Monotone Proxy]
8999,[T:?] [U:?] [S:N] [D:Alternate port for I2P Monotone Proxy]
9000,[T:Y] [U:] [S:N] [D:SonarQube Web Server]
,[T:Y] [U:] [S:N] [D:DBGp]
,[T:Y] [U:] [S:N] [D:SqueezeCenter web server & streaming]
,[T:] [U:Yes] [S:N] [D:UDPCast]
,[T:Y] [U:] [S:N] [D:Play! Framework web server]
,[T:Y] [U:] [S:N] [D:Hadoop NameNode default port]
,[T:Y] [U:] [S:N] [D:PHP-FPM default port]
,[T:Y] [U:] [S:N] [D:QBittorrent's embedded torrent tracker default port]
9001,[T:Y] [U:Yes] [S:Y] [D:ETL Service Manager]
,[T:] [U:] [S:N] [D:Microsoft SharePoint authoring environment]
,[T:] [U:] [S:N] [D:cisco-xremote router configuration]
,[T:] [U:] [S:N] [D:Tor network default]
,[T:Y] [U:] [S:N] [D:DBGp Proxy]
,[T:Y] [U:] [S:N] [D:HSQLDB default port]
9002,[T:] [U:] [S:N] [D:Newforma Server comms]
9006,[T:] [U:] [S:Y] [D:De-Commissioned Port]
,[T:Y] [U:] [S:N] [D:Tomcat in standalone mode]
9030,[T:Y] [U:] [S:N] [D:Tor often used]
9042,[T:Y] [U:] [S:N] [D:Apache Cassandra native protocol clients]
9043,[T:Y] [U:] [S:N] [D:WebSphere Application Server Administration Console secure]
9050-9051,[T:Y] [U:] [S:N] [D:Tor]
9060,[T:Y] [U:] [S:N] [D:WebSphere Application Server Administration Console]
9080,"[T:Y] [U:Yes] [S:Y] [D:glrpc, Groove Collaboration software GLRPC]"
,[T:Y] [U:] [S:N] [D:WebSphere Application Server HTTP Transport (port 1) default]
,"[T:Y] [U:] [S:N] [D:Remote Potato by FatAttitude, Windows Media Center addon]"
,"[T:Y] [U:] [S:N] [D:ServerWMC, Windows Media Center addon]"
9090,[T:Y] [U:] [S:N] [D:Openfire Administration Console]
,[T:Y] [U:] [S:N] [D:SqueezeCenter control (CLI)]
,[T:Y] [U:] [S:N] [D:Cherokee Admin Panel]
9091,[T:Y] [U:] [S:N] [D:Openfire Administration Console (SSL Secured)]
,[T:Y] [U:] [S:N] [D:Transmission (BitTorrent client) Web Interface]
9092,[T:Y] [U:] [S:N] [D:H2 (DBMS) Database Server]
,[T:Y] [U:] [S:N] [D:Apache Kafka A Distributed Streaming Platform]
9100,"[T:Y] [U:Ass] [S:Y] [D:PDL Data Stream, used for printing to certain network printers]"
9101,[T:Y] [U:Yes] [S:Y] [D:Bacula Director]
9102,[T:Y] [U:Yes] [S:Y] [D:Bacula File Daemon]
9103,[T:Y] [U:Yes] [S:Y] [D:Bacula Storage Daemon]
9119,[T:Y] [U:Yes] [S:Y] [D:MXit Instant Messenger]
9150,[T:Y] [U:] [S:N] [D:Tor]
9191,[T:Y] [U:] [S:N] [D:Sierra Wireless Airlink]
9199,[T:Y] [U:] [S:N] [D:Avtex LLC—qStats]
9200,[T:Y] [U:] [S:N] [D:Elasticsearch—default Elasticsearch port]
9217,[T:Y] [U:] [S:N] [D:iPass Platform Service]
9293,[T:Y] [U:] [S:N] [D:Sony PlayStation RemotePlay]
9300,[T:Y] [U:] [S:N] [D:IBM Cognos BI]
9303,[T:] [U:Yes] [S:N] [D:D-Link Shareport Share storage and MFP printers]
9306,[T:Y] [U:] [S:Y] [D:Sphinx Native API]
9309,[T:Y] [U:Yes] [S:N] [D:Sony PlayStation Vita Host Collaboration WiFi Data Transfer]
9312,[T:Y] [U:] [S:Y] [D:Sphinx SphinxQL]
9332,[T:Y] [U:] [S:N] [D:Litecoin JSON-RPC server]
9333,[T:Y] [U:] [S:N] [D:Litecoin]
9339,"[T:Y] [U:] [S:N] [D:Clash of Clans, a mobile freemium strategy video game]"
9389,"[T:Y] [U:Yes] [S:Y] [D:adws, Microsoft AD DS Web Services, Powershell uses this port]"
9418,"[T:Y] [U:Yes] [S:Y] [D:git, Git pack transfer service]"
9419,[T:Y] [U:] [S:N] [D:MooseFS distributed file system – master control port]
9420,[T:Y] [U:] [S:N] [D:MooseFS distributed file system – master command port]
9421,[T:Y] [U:] [S:N] [D:MooseFS distributed file system – master client port]
9422,[T:Y] [U:] [S:N] [D:MooseFS distributed file system – Chunkservers]
9425,[T:Y] [U:] [S:N] [D:MooseFS distributed file system – CGI server]
9443,[T:Y] [U:] [S:N] [D:VMware Websense Triton console (HTTPS port used for accessing and administrating a vCenter Server via the Web Management Interface)]
,[T:Y] [U:] [S:N] [D:NCSA Brown Dog Data Tilling Service]
9535,"[T:Y] [U:Yes] [S:Y] [D:mngsuite, LANDesk Management Suite Remote Control]"
9536,"[T:Y] [U:Yes] [S:Y] [D:laes-bf, IP Fabrics Surveillance buffering function]"
9600,"[T:N] [U:Yes] [S:N] [D:Factory Interface Network Service (FINS), a network protocol used by Omron programmable logic controllers]"
9675,"[T:Y] [U:Yes] [S:N] [D:Spiceworks Desktop, IT Helpdesk Software]"
9676,"[T:Y] [U:Yes] [S:N] [D:Spiceworks Desktop, IT Helpdesk Software]"
9695,"[T:?] [U:?] [S:Y] [D:Content centric networking (CCN, CCNx)]"
9785,[T:Y] [U:Yes] [S:N] [D:Viber]
9800,[T:Y] [U:Yes] [S:Y] [D:WebDAV Source]
,[T:] [U:] [S:N] [D:WebCT e-learning portal]
9875,[T:Y] [U:] [S:N] [D:Club Penguin Disney online game for kids]
9898,[T:Y] [U:] [S:N] [D:Tripwire—File Integrity Monitoring Software]
9899,"[T:] [U:Yes] [S:Y] [D:SCTP tunneling (port number used in SCTP packets encapsulated in UDP, RFC 6951)]"
9981,[T:Y] [U:] [S:N] [D:TVHeadend HTTP server (web interface)]
9982,[T:Y] [U:] [S:N] [D:TVHeadend HTSP server (Streaming protocol)]
9987,[T:] [U:Yes] [S:N] [D:TeamSpeak 3 server default (voice) port (for the conflicting service see the IANA list)]
9993,[T:] [U:Yes] [S:N] [D:ZeroTier Default port for ZeroTier]
9997,[T:Y] [U:] [S:N] [D:Splunk port for communication between the forwarders and indexers]
9999,[T:] [U:] [S:N] [D:Urchin Web Analytics]
10000,[T:Y] [U:Yes] [S:Y] [D:Network Data Management Protocol]
,[T:] [U:] [S:N] [D:BackupExec]
,"[T:] [U:] [S:N] [D:Webmin, Web-based Unix/Linux system administration tool (default port)]"
10000-20000,[T:N] [U:Yes] [S:N] [D:Used on VoIP networks for receiving and transmitting voice telephony traffic which includes Google Voice via the OBiTalk ATA devices as well as on the MagicJack and Vonage ATA network devices.]
10001,[T:] [U:Yes] [S:N] [D:Ubiquiti UniFi access points broadcast to 255.255.255.255:10001 (UDP) to locate the controller(s)]
10009,"[T:Y] [U:Yes] [S:N] [D:CrossFire, a multiplayer online First Person Shooter]"
10010,[T:Y] [U:] [S:Y] [D:Open Object Rexx (ooRexx) rxapi daemon]
10024,[T:Y] [U:] [S:N] [D:Zimbra smtp [mta]—to amavis from postfix]
10025,[T:Y] [U:] [S:N] [D:Zimbra smtp [mta]—back to postfix from amavis]
10042,[T:Y] [U:] [S:N] [D:Mathoid server]
10050,[T:Y] [U:Yes] [S:Y] [D:Zabbix agent]
10051,[T:Y] [U:Yes] [S:Y] [D:Zabbix trapper]
10080,"[T:Y] [U:] [S:N] [D:Touhou fight games (Immaterial and Missing Power, Scarlet Weather Rhapsody, Hisoutensoku, Hopeless Masquerade and Urban Legend in Limbo)]"
10110,[T:Y] [U:Yes] [S:Y] [D:NMEA 0183 Navigational Data. Transport of NMEA 0183 sentences over TCP or UDP]
10172,[T:Y] [U:] [S:N] [D:Intuit Quickbooks client]
10200,[T:Y] [U:] [S:N] [D:FRISK Software International's fpscand virus scanning daemon for Unix platforms]
,[T:Y] [U:] [S:N] [D:FRISK Software International's f-protd virus scanning daemon for Unix platforms]
10201-10204,[T:Y] [U:] [S:N] [D:FRISK Software International's f-protd virus scanning daemon for Unix platforms]
10212,[T:Y] [U:] [S:Y] [D:GE Intelligent Platforms Proficy HMI/SCADA – CIMPLICITY WebView]
10308,[T:?] [U:?] [S:N] [D:Lock On: Modern Air Combat]
10480,[T:?] [U:?] [S:N] [D:SWAT 4 Dedicated Server]
10505,[T:] [U:Yes] [S:N] [D:BlueStacks (android simulator) broadcast]
10514,[T:Y] [U:Yes] [S:N] [D:TLS-enabled Rsyslog (default by convention)]
10823,[T:] [U:Yes] [S:N] [D:Farming Simulator 2011]
10891,[T:Y] [U:] [S:N] [D:Jungle Disk (this port is opened by the Jungle Disk Monitor service on the localhost)]
10933,[T:Y] [U:] [S:Y] [D:Listen port used by the Octopus Deploy Tentacle deployment agent]
11001,[T:Y] [U:Yes] [S:Y] [D:metasys ( Johnson Controls Metasys java AC control environment )]
11111,"[T:Y] [U:] [S:N] [D:RiCcI, Remote Configuration Interface (Redhat Linux)]"
11112,[T:Y] [U:Yes] [S:Y] [D:ACR/NEMA Digital Imaging and Communications in Medicine (DICOM)]
11211,[T:Y] [U:Yes] [S:N] [D:memcached]
11214,[T:Y] [U:Yes] [S:N] [D:memcached incoming SSL proxy]
11215,[T:Y] [U:Yes] [S:N] [D:memcached internal outgoing SSL proxy]
11235,[T:] [U:] [S:N] [D:Savage: Battle for Newerth]
11311,[T:Y] [U:Yes] [S:N] [D:Robot Operating System master]
11371,[T:Y] [U:Yes] [S:Y] [D:OpenPGP HTTP key server]
11753,[T:Y] [U:] [S:N] [D:OpenRCT2 multiplayer]
12012,"[T:] [U:Yes] [S:N] [D:Audition Online Dance Battle, Korea Server—Status/Version Check]"
12013,"[T:Y] [U:Yes] [S:N] [D:Audition Online Dance Battle, Korea Server]"
12035,"[T:] [U:Yes] [S:N] [D:Second Life, used for server UDP in-bound]"
12043,"[T:Y] [U:] [S:N] [D:Second Life, used for LSL HTTPS in-bound]"
12046,"[T:Y] [U:] [S:N] [D:Second Life, used for LSL HTTP in-bound]"
12201,[T:Y] [U:Yes] [S:N] [D:Graylog Extended Log Format (GELF)]
12222,[T:] [U:Yes] [S:Y] [D:Light Weight Access Point Protocol (LWAPP) LWAPP data (RFC 5412)]
12223,[T:] [U:Yes] [S:Y] [D:Light Weight Access Point Protocol (LWAPP) LWAPP control (RFC 5412)]
12345,[T:Y] [U:Yes] [S:N] [D:Cube World]
,[T:Y] [U:] [S:N] [D:Little Fighter 2]
,[T:] [U:] [S:N] [D:NetBus remote administration tool (often Trojan horse).]
12443,[T:Y] [U:] [S:N] [D:IBM HMC web browser management access over HTTPS instead of default port 443]
12489,[T:Y] [U:] [S:N] [D:NSClient/NSClient++/NC_Net (Nagios)]
12975,[T:Y] [U:] [S:N] [D:LogMeIn Hamachi (VPN tunnel software; also port 32976)—used to connect to Mediation Server (bibi.hamachi.cc); will attempt to use SSL (TCP port 443) if both 12975 & 32976 fail to connect]
13000-13050,"[T:] [U:Yes] [S:N] [D:Second Life, used for server UDP in-bound]"
13008,"[T:Y] [U:Yes] [S:N] [D:CrossFire, a multiplayer online First Person Shooter]"
13075,"[T:Y] [U:] [S:Y] [D:Default for BMC Software Control-M/Enterprise Manager Corba communication, though often changed during installation]"
13720,[T:Y] [U:Yes] [S:Y] [D:Symantec NetBackup—bprd (formerly VERITAS)]
13721,[T:Y] [U:Yes] [S:Y] [D:Symantec NetBackup—bpdbm (formerly VERITAS)]
13724,[T:Y] [U:Yes] [S:Y] [D:Symantec Network Utility—vnetd (formerly VERITAS)]
13782,[T:Y] [U:Yes] [S:Y] [D:Symantec NetBackup—bpcd (formerly VERITAS)]
13783,[T:Y] [U:Yes] [S:Y] [D:Symantec VOPIED protocol (formerly VERITAS)]
13785,[T:Y] [U:Yes] [S:Y] [D:Symantec NetBackup Database—nbdb (formerly VERITAS)]
13786,[T:Y] [U:Yes] [S:Y] [D:Symantec nomdb (formerly VERITAS)]
14550,[T:] [U:Yes] [S:N] [D:MAVLink Ground Station Port]
14567,[T:] [U:Yes] [S:N] [D:Battlefield 1942 and mods]
15000,[T:Y] [U:] [S:N] [D:psyBNC]
,[T:Y] [U:] [S:N] [D:Wesnoth]
,[T:Y] [U:] [S:N] [D:Kaspersky Network Agent]
15441,[T:?] [U:?] [S:N] [D:ZeroNet fileserver]
15567,[T:] [U:Yes] [S:N] [D:Battlefield Vietnam and mods]
15345,[T:Y] [U:Yes] [S:Y] [D:XPilot Contact]
15672,[T:Y] [U:N] [S:N] [D:RabbitMQ management plugin]
16000,[T:Y] [U:] [S:N] [D:Oracle WebCenter Content: Imaging (formerly known as Oracle Universal Content Management). Port though often changed during installation]
,[T:Y] [U:] [S:N] [D:shroudBNC]
16080,[T:Y] [U:] [S:N] [D:Mac OS X Server Web (HTTP) service with performance cache]
16200,[T:Y] [U:] [S:N] [D:Oracle WebCenter Content: Content Server (formerly known as Oracle Universal Content Management). Port though often changed during installation]
16225,[T:Y] [U:] [S:N] [D:Oracle WebCenter Content: Content Server Web UI. Port though often changed during installation]
16250,[T:Y] [U:] [S:N] [D:Oracle WebCenter Content: Inbound Refinery (formerly known as Oracle Universal Content Management). Port though often changed during installation]
16261,[T:Y] [U:Yes] [S:N] [D:Project Zomboid multiplayer. Additional sequential ports used for each player connecting to server.]
16300,[T:Y] [U:] [S:N] [D:Oracle WebCenter Content: Records Management (formerly known as Oracle Universal Records Management). Port though often changed during installation]
16384,[T:] [U:Yes] [S:N] [D:CISCO Default RTP MIN]
16384-16403,"[T:] [U:Yes] [S:N] [D:Real-time Transport Protocol (RTP), RTP Control Protocol (RTCP), used by Apple's iChat for audio and video]"
16384-16387,"[T:] [U:Yes] [S:N] [D:Real-time Transport Protocol (RTP), RTP Control Protocol (RTCP), used by Apple's FaceTime and Game Center]"
16393-16402,"[T:] [U:Yes] [S:N] [D:Real-time Transport Protocol (RTP), RTP Control Protocol (RTCP), used by Apple's FaceTime and Game Center]"
16403-16472,"[T:] [U:Yes] [S:N] [D:Real-time Transport Protocol (RTP), RTP Control Protocol (RTCP), used by Apple's Game Center]"
16400,[T:Y] [U:] [S:N] [D:Oracle WebCenter Content: Capture (formerly known as Oracle Document Capture). Port though often changed during installation]
16482,[T:] [U:] [S:Y] [D:CISCO Default RTP MAX]
16567,[T:] [U:Yes] [S:N] [D:Battlefield 2 and mods]
17011,[T:Y] [U:] [S:N] [D:Worms multiplayer]
17500,[T:Y] [U:Yes] [S:Y] [D:Dropbox LanSync Protocol (db-lsp); used to synchronize file catalogs between Dropbox clients on a local network.]
18091,[T:Y] [U:Yes] [S:N] [D:memcached Internal REST HTTPS for SSL]
18092,[T:Y] [U:Yes] [S:N] [D:memcached Internal CAPI HTTPS for SSL]
18104,[T:Y] [U:] [S:Y] [D:RAD PDF Service]
18200,"[T:Y] [U:Yes] [S:N] [D:Audition Online Dance Battle, AsiaSoft Thailand Server status/version check]"
18201,"[T:Y] [U:Yes] [S:N] [D:Audition Online Dance Battle, AsiaSoft Thailand Server]"
18206,"[T:Y] [U:Yes] [S:N] [D:Audition Online Dance Battle, AsiaSoft Thailand Server FAM database]"
18300,"[T:Y] [U:Yes] [S:N] [D:Audition Online Dance Battle, AsiaSoft SEA Server status/version check]"
18301,"[T:Y] [U:Yes] [S:N] [D:Audition Online Dance Battle, AsiaSoft SEA Server]"
18306,"[T:Y] [U:Yes] [S:N] [D:Audition Online Dance Battle, AsiaSoft SEA Server FAM database]"
18333,[T:Y] [U:] [S:N] [D:Bitcoin testnet]
18400,"[T:Y] [U:Yes] [S:N] [D:Audition Online Dance Battle, KAIZEN Brazil Server status/version check]"
18401,"[T:Y] [U:Yes] [S:N] [D:Audition Online Dance Battle, KAIZEN Brazil Server]"
18505,"[T:Y] [U:Yes] [S:N] [D:Audition Online Dance Battle R4p3 Server, Nexon Server status/version check]"
18506,"[T:Y] [U:Yes] [S:N] [D:Audition Online Dance Battle, Nexon Server]"
18605,[T:Y] [U:Yes] [S:N] [D:X-BEAT status/version check]
18606,[T:Y] [U:Yes] [S:N] [D:X-BEAT]
19000,"[T:Y] [U:Yes] [S:N] [D:Audition Online Dance Battle, G10/alaplaya Server status/version check]"
,[T:] [U:Yes] [S:N] [D:JACK sound server]
19001,"[T:Y] [U:Yes] [S:N] [D:Audition Online Dance Battle, G10/alaplaya Server]"
19132,[T:] [U:Yes] [S:N] [D:Minecraft: Pocket Edition multiplayer server]
19150,[T:Y] [U:Yes] [S:N] [D:Gkrellm Server]
19226,[T:Y] [U:] [S:N] [D:Panda Software AdminSecure Communication Agent]
19294,[T:Y] [U:] [S:N] [D:Google Talk Voice and Video connections]
19295,[T:] [U:Yes] [S:N] [D:Google Talk Voice and Video connections]
19302,[T:] [U:Yes] [S:N] [D:Google Talk Voice and Video connections]
19812,[T:Y] [U:N] [S:Y] [D:4D database SQL Communication]
19813,[T:Y] [U:Yes] [S:Y] [D:4D database Client Server Communication]
19814,[T:Y] [U:] [S:Y] [D:4D database DB4D Communication]
19999,"[T:] [U:] [S:Y] [D:Distributed Network Protocol—Secure (DNP—Secure), a secure version of the protocol used in SCADA systems between communicating RTU's and IED's]"
20000,"[T:] [U:] [S:Y] [D:Distributed Network Protocol (DNP), a protocol used in SCADA systems between communicating RTU's and IED's]"
,"[T:] [U:] [S:N] [D:Usermin, Web-based Unix/Linux user administration tool (default port)]"
,[T:] [U:Yes] [S:N] [D:Used on VoIP networks for receiving and transmitting voice telephony traffic which includes Google Voice via the OBiTalk ATA devices as well as on the MagicJack and Vonage ATA network devices.]
20560,[T:Y] [U:Yes] [S:N] [D:Killing Floor]
20595,[T:] [U:Yes] [S:N] [D:0 A.D. Empires Ascendant]
20808,[T:] [U:Yes] [S:N] [D:Ableton Link]
21025,"[T:Y] [U:] [S:N] [D:Starbound Server (default), Starbound]"
22000,[T:Y] [U:] [S:N] [D:Syncthing (default)]
22136,[T:Y] [U:] [S:N] [D:FLIR Systems Camera Resource Protocol]
22222,"[T:Y] [U:] [S:N] [D:Davis Instruments, WeatherLink IP]"
23073,[T:] [U:] [S:N] [D:Soldat Dedicated Server]
23399,[T:] [U:] [S:N] [D:Skype default protocol]
23513,[T:?] [U:?] [S:N] [D:Duke Nukem 3Dsource ports]
24441,[T:Y] [U:Yes] [S:N] [D:Pyzor spam detection network]
24444,[T:] [U:] [S:N] [D:NetBeans integrated development environment]
24465,[T:Y] [U:Yes] [S:Y] [D:Tonido Directory Server for Tonido which is a Personal Web App and P2P platform]
24554,"[T:Y] [U:Yes] [S:Y] [D:BINKP, Fidonet mail transfers over TCP/IP]"
24800,[T:] [U:] [S:N] [D:Synergy: keyboard/mouse sharing software]
24842,[T:] [U:] [S:N] [D:StepMania: Online: Dance Dance Revolution Simulator]
25565,[T:Y] [U:] [S:N] [D:Minecraft multiplayer server]
,[T:] [U:Yes] [S:N] [D:Minecraft multiplayer server query]
25575,[T:] [U:Yes] [S:N] [D:Minecraft multiplayer server RCON]
25826,[T:] [U:Yes] [S:N] [D:collectd default port]
26000,[T:Y] [U:Yes] [S:Y] [D:id Software's Quake server]
,[T:Y] [U:] [S:N] [D:EVE Online]
,"[T:] [U:Yes] [S:N] [D:Xonotic, an open source arena shooter]"
26900-26901,[T:Y] [U:] [S:N] [D:EVE Online]
27000,[T:Y] [U:] [S:N] [D:PowerBuilder SySAM license server]
27000-27006,[T:] [U:Yes] [S:N] [D:id Software's QuakeWorld master server]
27000-27009,[T:Y] [U:Yes] [S:Y] [D:FlexNet Publisher's License server (from the range of default ports)]
27000-27015,[T:N] [U:Yes] [S:N] [D:Steam (game client traffic)]
27015,[T:N] [U:Yes] [S:N] [D:GoldSrc and Source engine dedicated server port]
27015-27018,"[T:] [U:Yes] [S:N] [D:Unturned, a survival game]"
27015-27030,[T:N] [U:Yes] [S:N] [D:Steam (matchmaking and HLTV)]
,[T:Y] [U:Yes] [S:N] [D:Steam (downloads)]
27016,[T:] [U:] [S:N] [D:Magicka server port]
27017,[T:Y] [U:N] [S:N] [D:MongoDB daemon process (mongod) and routing service (mongos)]
27031,[T:Ports 27036 & 27037] [U:Yes] [S:N] [D:Steam (In-Home Streaming)]
27036,[T:Y] [U:Yes] [S:N] [D:Steam (In-Home Streaming)]
27037,[T:Y] [U:Ports 27031 & 27036] [S:N] [D:Steam (In-Home Streaming)]
27374,[T:] [U:] [S:N] [D:Sub7 default.]
27500-27900,[T:] [U:Yes] [S:N] [D:id Software's QuakeWorld]
27888,[T:] [U:Yes] [S:N] [D:Kaillera server]
27901-27910,[T:] [U:Yes] [S:N] [D:id Software's Quake II master server]
27950,[T:] [U:Yes] [S:N] [D:OpenArena outgoing]
27960-27969,"[T:] [U:Yes] [S:N] [D:Activision's Enemy Territory and id Software's Quake III Arena, Quake III and Quake Live and some ioquake3 derived games, such as Urban Terror (OpenArena incoming)]"
28001,[T:] [U:] [S:N] [D:Starsiege: Tribes]
28015,[T:] [U:Yes] [S:N] [D:Rust(video game)]
28770-28771,"[T:] [U:Yes] [S:N] [D:AssaultCube Reloaded, a video game based upon a modification of AssaultCube]"
28785-28786,[T:] [U:Yes] [S:N] [D:Cube 2: Sauerbraten]
28852,[T:Y] [U:Yes] [S:N] [D:Killing Floor]
28910,[T:Y] [U:Yes] [S:N] [D:Nintendo Wi-Fi Connection]
28960,[T:Y] [U:Yes] [S:N] [D:Call of Duty; Call of Duty: United Offensive; Call of Duty 2; Call of Duty 4: Modern Warfare;Call of Duty: World at War (PC platform)]
29000,"[T:?] [U:?] [S:N] [D:Perfect World, an adventure and fantasy MMORPG]"
29070,[T:Y] [U:Yes] [S:N] [D:Jedi Knight: Jedi Academy by Ravensoft]
29900-29901,[T:Y] [U:Yes] [S:N] [D:Nintendo Wi-Fi Connection]
29920,[T:Y] [U:Yes] [S:N] [D:Nintendo Wi-Fi Connection]
30564,[T:Y] [U:] [S:N] [D:Multiplicity: keyboard/mouse/clipboard sharing software]
31337,[T:Y] [U:] [S:N] [D:Back Orifice and Back Orifice 2000 remote administration tools]
31416,[T:?] [U:?] [S:N] [D:BOINC RPC]
31438,[T:Y] [U:] [S:N] [D:Rocket U2]
31457,[T:Y] [U:] [S:Y] [D:TetriNET]
32137,"[T:Y] [U:Yes] [S:N] [D:Immunet Protect (UDP in version 2.0, TCP since version 3.0)]"
32400,[T:Y] [U:] [S:Y] [D:Plex Media Server]
32764,"[T:Y] [U:] [S:N] [D:A backdoor found on certain Linksys, Netgear and other wireless DSL modems/combination routers]"
32887,"[T:Y] [U:] [S:N] [D:Ace of Spades, a multiplayer FPS video game]"
32976,"[T:Y] [U:] [S:N] [D:LogMeIn Hamachi, a VPN application; also TCP port 12975 and SSL (TCP 443).]"
33434,[T:Y] [U:Yes] [S:Y] [D:traceroute]
33848,"[T:] [U:Yes] [S:N] [D:Jenkins, a continuous integration (CI) tool]"
34000,"[T:] [U:Yes] [S:N] [D:Infestation: Survivor Stories (formerly known as The War Z), a multiplayer zombie video game]"
34197,"[T:N] [U:Yes] [S:N] [D:Factorio, a multiplayer survival and factory-building game]"
35357,[T:Y] [U:] [S:Y] [D:OpenStack Identity (Keystone) administration]
37008,[T:] [U:Yes] [S:N] [D:TZSP intrusion detection]
40000,[T:Y] [U:Yes] [S:Y] [D:SafetyNET p – a real-time Industrial Ethernet protocol]
43110,[T:Y] [U:] [S:N] [D:ZeroNet web UI default port]
43594-43595,[T:?] [U:?] [S:N] [D:RuneScape]
44405,[T:Y] [U:] [S:N] [D:Mu Online Connect Server]
44818,[T:Y] [U:Yes] [S:Y] [D:EtherNet/IP explicit messaging]
47001,[T:Y] [U:] [S:Y] [D:Windows Remote Management Service (WinRM)]
47808,[T:Y] [U:Yes] [S:Y] [D:BACnet Building Automation and Control Networks (4780810 = BAC016)]
49151,[T:Res] [U:Res] [S:Y] [D:Reserved]
